Symbian-Plattform,C++
Symbian-Plattform,Computervirus
Symbian-Plattform,Java (Programmiersprache)
Symbian-Plattform,Qt (Bibliothek)
Symbian-Plattform,Relationale Datenbank
Symbian-Plattform,SQLite
Symbian-Plattform,Softwareentwickler
ABC (Programmiersprache),Bildungsorientierte Programmiersprache
ABC (Programmiersprache),C (Programmiersprache)
ABC (Programmiersprache),Centrum Wiskunde & Informatica
ABC (Programmiersprache),Guido van Rossum
ABC (Programmiersprache),Höhere Programmiersprache
ABC (Programmiersprache),Interpreter
ABC (Programmiersprache),Strukturierte Programmierung
ABC (Programmiersprache),Typisierung (Informatik)
Vim,C (Programmiersprache)
Vim,Gedit
Vim,Kontrollstruktur
Vim,Linux
Vim,MacOS
Vim,Perl (Programmiersprache)
Vim,Quelltext
Vim,Regulärer Ausdruck
Vim,Ruby (Programmiersprache)
Vim,Skriptsprache
Vim,Softwareentwickler
Vim,Tcl
Dynamische Programmiersprache,BeanShell
Dynamische Programmiersprache,Bytecode
Dynamische Programmiersprache,Closure (Funktion)
Dynamische Programmiersprache,Dynamische Typisierung
Dynamische Programmiersprache,Funktionale Programmierung
Dynamische Programmiersprache,Groovy
Dynamische Programmiersprache,Höhere Programmiersprache
Dynamische Programmiersprache,JavaScript
Dynamische Programmiersprache,Julia (Programmiersprache)
Dynamische Programmiersprache,Just-in-time-Kompilierung
Dynamische Programmiersprache,Lisp
Dynamische Programmiersprache,Matlab
Dynamische Programmiersprache,Perl (Programmiersprache)
Dynamische Programmiersprache,Reflexion (Programmierung)
Dynamische Programmiersprache,Ruby (Programmiersprache)
Dynamische Programmiersprache,Smalltalk (Programmiersprache)
Dynamische Programmiersprache,Tcl
Einrückungsstil,C++
Einrückungsstil,C (Programmiersprache)
Einrückungsstil,Dangling else
Einrückungsstil,Extensible Markup Language
Einrückungsstil,JavaScript
Einrückungsstil,Java (Programmiersprache)
Einrückungsstil,Linux
Einrückungsstil,Perl (Programmiersprache)
Einrückungsstil,Quelltext
Einrückungsstil,Quelltextformatierung
Einrückungsstil,Vim
Einrückungsstil,Visual Studio
Einrückungsstil,Diskussion:Einrückungsstil
Groovy,Apache ActiveMQ
Groovy,BeanShell
Groovy,Bytecode
Groovy,Dynamische Typisierung
Groovy,Eclipse (IDE)
Groovy,IntelliJ IDEA
Groovy,Java (Programmiersprache)
Groovy,Linux
Groovy,MacOS
Groovy,Plattformunabhängigkeit
Groovy,Regulärer Ausdruck
Groovy,Ruby (Programmiersprache)
Groovy,Skriptsprache
Groovy,Statische Typisierung
Groovy,Typisierung (Informatik)
Groovy,Vim
Groovy,Visual Studio Code
QGIS,C++
QGIS,Freie Software
QGIS,GRASS GIS
QGIS,Geometry Engine Open Source
QGIS,Linux
QGIS,MacOS
QGIS,MapServer
QGIS,PostgreSQL
QGIS,Pycsw
QGIS,Qt (Bibliothek)
QGIS,SQLite
QGIS,Softwareentwickler
QGIS,SpatiaLite
PyGTK,Freie Software
PyGTK,GTK (Programmbibliothek)
PyGTK,Gnome
PyGTK,MacOS
PyGTK,Qt (Bibliothek)
PyGTK,Reflexion (Programmierung)
PyGTK,WxPython
PyGTK,WxWidgets
Tk (Toolkit),Ada (Programmiersprache)
Tk (Toolkit),C (Programmiersprache)
Tk (Toolkit),Freie Software
Tk (Toolkit),Haskell (Programmiersprache)
Tk (Toolkit),Julia (Programmiersprache)
Tk (Toolkit),MacOS
Tk (Toolkit),Perl (Programmiersprache)
Tk (Toolkit),Plattformunabhängigkeit
Tk (Toolkit),R (Programmiersprache)
Tk (Toolkit),Ruby (Programmiersprache)
Tk (Toolkit),Softwareentwickler
Tk (Toolkit),Tcl
Tk (Toolkit),Tkinter
Kommandozeile,CAD
Kommandozeile,Interpreter
Kommandozeile,Kommandozeileninterpreter
Kommandozeile,Matlab
Kommandozeile,Perl (Programmiersprache)
Kommandozeile,Skriptsprache
Kommandozeile,Unix-Shell
Kommandozeile,Zeichenkette
Eclipse (IDE),C++
Eclipse (IDE),C (Programmiersprache)
Eclipse (IDE),Cocoa (API)
Eclipse (IDE),ColdFusion
Eclipse (IDE),Freie Software
Eclipse (IDE),IntelliJ IDEA
Eclipse (IDE),Java-Technologie
Eclipse (IDE),Java (Programmiersprache)
Eclipse (IDE),JetBrains
Eclipse (IDE),LLVM
Eclipse (IDE),Language Server Protocol
Eclipse (IDE),Linux
Eclipse (IDE),MacOS
Eclipse (IDE),Perl (Programmiersprache)
Eclipse (IDE),Plattformunabhängigkeit
Eclipse (IDE),Quelltext
Eclipse (IDE),Ruby (Programmiersprache)
Eclipse (IDE),Softwareentwickler
Eclipse (IDE),Visual Studio Code
Regulärer Ausdruck,C++
Regulärer Ausdruck,C (Programmiersprache)
Regulärer Ausdruck,JavaScript
Regulärer Ausdruck,Java (Programmiersprache)
Regulärer Ausdruck,Leerraum
Regulärer Ausdruck,Metazeichen
Regulärer Ausdruck,Pattern Matching
Regulärer Ausdruck,Perl (Programmiersprache)
Regulärer Ausdruck,Quelltext
Regulärer Ausdruck,Ruby (Programmiersprache)
Regulärer Ausdruck,Seitenvorschub
Regulärer Ausdruck,Tcl
Regulärer Ausdruck,Vim
Regulärer Ausdruck,Zeichenkette
KiCad,Blender (Software)
KiCad,C++
KiCad,FreeCAD
KiCad,Freie Software
KiCad,Linux
KiCad,MacOS
KiCad,Softwareentwickler
KiCad,Virtual Reality Modeling Language
KiCad,WxWidgets
Centrum Wiskunde & Informatica,Guido van Rossum
Conda (Paketverwaltung),Anaconda (Python-Distribution)
Conda (Paketverwaltung),Java (Programmiersprache)
Conda (Paketverwaltung),Kommandozeile
Conda (Paketverwaltung),Pip (Python)
Conda (Paketverwaltung),Plattformunabhängigkeit
Conda (Paketverwaltung),PowerShell
Conda (Paketverwaltung),R (Programmiersprache)
Conda (Paketverwaltung),Softwareentwickler
Conda (Paketverwaltung),Softwarestack
Blender (Software),Big Buck Bunny
Blender (Software),Blender Game Engine
Blender (Software),C++
Blender (Software),CUDA
Blender (Software),C (Programmiersprache)
Blender (Software),Crystal Space
Blender (Software),Elephants Dream
Blender (Software),Freie Software
Blender (Software),Godot
Blender (Software),Indigo Renderer
Blender (Software),Linux
Blender (Software),Liste von Blender-Versionen
Blender (Software),MacOS
Blender (Software),Skriptsprache
Blender (Software),Softwareentwickler
Blender (Software),YafaRay
Blender (Software),YouTube
C++,Ada (Programmiersprache)
C++,Anjuta (Software)
C++,Ausnahmebehandlung
C++,Boost (C++-Bibliothek)
C++,CLU (Programmiersprache)
C++,C (Programmiersprache)
C++,Cocoa (API)
C++,D (Programmiersprache)
C++,Eclipse (IDE)
C++,Funktionale Programmierung
C++,GNAT Programming Studio
C++,Garbage Collection
C++,Geany
C++,Generische Programmierung
C++,Höhere Programmiersprache
C++,Inkrement und Dekrement
C++,IntelliJ IDEA
C++,Java (Programmiersprache)
C++,KDevelop
C++,Kommandozeile
C++,Koroutine
C++,LLVM
C++,Linux
C++,MacOS
C++,Mehrfachvererbung
C++,NetBeans IDE
C++,Objektorientierte Programmierung
C++,Perl (Programmiersprache)
C++,Plattformunabhängigkeit
C++,Quelltext
C++,Regulärer Ausdruck
C++,Smalltalk (Programmiersprache)
C++,Standard-Datenströme
C++,Standardbibliothek
C++,Statische Typisierung
C++,Strukturierte Programmierung
C++,Tupel (Informatik)
C++,Typinferenz
C++,Typisierung (Informatik)
C++,Vala (Programmiersprache)
C++,Visual Studio
C++,Visual Studio Code
C++,WideStudio
C++,Zeichenkette
Pattern Matching,Funktionale Programmierung
Pattern Matching,Gestalt Pattern Matching
Pattern Matching,Haskell (Programmiersprache)
Pattern Matching,Metazeichen
Pattern Matching,Perl (Programmiersprache)
Pattern Matching,Regulärer Ausdruck
Pattern Matching,Zeichenkette
C (Programmiersprache),C++
C (Programmiersprache),D (Programmiersprache)
C (Programmiersprache),Freie Software
C (Programmiersprache),Höhere Programmiersprache
C (Programmiersprache),JavaScript
C (Programmiersprache),Java (Programmiersprache)
C (Programmiersprache),Mod perl
C (Programmiersprache),Modul (Software)
C (Programmiersprache),Nullwert
C (Programmiersprache),Perl (Programmiersprache)
C (Programmiersprache),Plattformunabhängigkeit
C (Programmiersprache),PyPy
C (Programmiersprache),Sternchen (Schriftzeichen)
C (Programmiersprache),Strukturierte Programmierung
C (Programmiersprache),Testabdeckung
C (Programmiersprache),Typisierung (Informatik)
C (Programmiersprache),Unterprogramm
C (Programmiersprache),Vala (Programmiersprache)
C (Programmiersprache),Zeichenkette
C (Programmiersprache),Zuweisung
MicroPython,C (Programmiersprache)
MicroPython,ESP8266
MicroPython,JavaScript
Typisierung (Informatik),C++
Typisierung (Informatik),C (Programmiersprache)
Typisierung (Informatik),Dynamische Typisierung
Typisierung (Informatik),Java (Programmiersprache)
Typisierung (Informatik),Objektorientierte Programmierung
Typisierung (Informatik),Perl (Programmiersprache)
Typisierung (Informatik),Reflexion (Programmierung)
Typisierung (Informatik),Statische Typisierung
Typisierung (Informatik),Typverletzung
Typisierung (Informatik),Variable (Programmierung)
YouTube,Apache HTTP Server
YouTube,Google
YouTube,Google Chrome
YouTube,Lighttpd
Eric (Software),Apache Subversion
Eric (Software),Freie Software
Eric (Software),IRC-Client
Eric (Software),Kommandozeileninterpreter
Eric (Software),Plattformunabhängigkeit
Eric (Software),Qt (Bibliothek)
Eric (Software),Ruby (Programmiersprache)
Eric (Software),Softwareentwickler
Reflexion (Programmierung),IronPython
Reflexion (Programmierung),Java (Programmiersprache)
Reflexion (Programmierung),Lisp
Reflexion (Programmierung),Objektorientierte Programmierung
Reflexion (Programmierung),Ruby (Programmiersprache)
Reflexion (Programmierung),Smalltalk (Programmiersprache)
Reflexion (Programmierung),Tcl
Reflexion (Programmierung),Variable (Programmierung)
IronPython,Boo (Programmiersprache)
IronPython,Interpreter
IronPython,Just-in-time-Kompilierung
IronPython,Jython
IronPython,Plattformunabhängigkeit
IronPython,PyPy
Jython,C (Programmiersprache)
Jython,Java (Programmiersprache)
Jython,Plattformunabhängigkeit
Jython,Python Software Foundation
Just-in-time-Kompilierung,Bytecode
Just-in-time-Kompilierung,C++
Just-in-time-Kompilierung,C (Programmiersprache)
Just-in-time-Kompilierung,Dynamische Programmiersprache
Just-in-time-Kompilierung,Google Chrome
Just-in-time-Kompilierung,Interpreter
Just-in-time-Kompilierung,JavaScript
Just-in-time-Kompilierung,Plattformunabhängigkeit
Just-in-time-Kompilierung,PyPy
Just-in-time-Kompilierung,Rubinius
Just-in-time-Kompilierung,Statische Typisierung
PyObjC,Cocoa (API)
Strukturierte Programmierung,Ada (Programmiersprache)
Strukturierte Programmierung,C++
Strukturierte Programmierung,C (Programmiersprache)
Strukturierte Programmierung,Java (Programmiersprache)
Strukturierte Programmierung,Kontrollstruktur
Strukturierte Programmierung,Nassi-Shneiderman-Diagramm
Strukturierte Programmierung,Objektorientierte Programmierung
Ausnahmebehandlung,C++
Ausnahmebehandlung,JavaScript
Ausnahmebehandlung,Java (Programmiersprache)
Ausnahmebehandlung,Perl (Programmiersprache)
Ausnahmebehandlung,Swift (Programmiersprache)
Apache OpenOffice,C++
Apache OpenOffice,C (Programmiersprache)
Apache OpenOffice,Cairo (Grafikbibliothek)
Apache OpenOffice,Extensible Markup Language
Apache OpenOffice,Fedora (Linux-Distribution)
Apache OpenOffice,Freie Software
Apache OpenOffice,Gnome
Apache OpenOffice,Java-Technologie
Apache OpenOffice,JavaScript
Apache OpenOffice,Java (Programmiersprache)
Apache OpenOffice,LaTeX
Apache OpenOffice,LanguageTool
Apache OpenOffice,Linux
Apache OpenOffice,MacOS
Apache OpenOffice,Microsoft Excel
Apache OpenOffice,PostgreSQL
Apache OpenOffice,Präsentationsprogramm
Apache OpenOffice,Quelltext
Apache OpenOffice,Relationale Datenbank
Apache OpenOffice,SQLite
Apache OpenOffice,Scalable Vector Graphics
Apache OpenOffice,Skriptsprache
Apache OpenOffice,Softwareentwickler
Apache OpenOffice,XSL Transformation
Apache OpenOffice,Wikipedia:Lesenswerte Artikel
Garbage Collection,C (Programmiersprache)
Garbage Collection,D (Programmiersprache)
Garbage Collection,Groovy
Garbage Collection,Haskell (Programmiersprache)
Garbage Collection,Java (Programmiersprache)
Garbage Collection,Konstruktoren und Destruktoren
Garbage Collection,LLVM
Garbage Collection,Mehrfache Deallokation
Garbage Collection,Modul (Software)
Garbage Collection,Objektorientierte Programmierung
Garbage Collection,Perl (Programmiersprache)
Garbage Collection,Referenzzählung
Garbage Collection,Ruby (Programmiersprache)
Garbage Collection,Smalltalk (Programmiersprache)
Garbage Collection,Stapelspeicher
WxPython,BitTorrent (Client)
WxPython,C++
WxPython,Dropbox
WxPython,GRASS GIS
WxPython,Plattformunabhängigkeit
WxPython,PlayOnLinux
WxPython,Softwareentwickler
WxPython,Tk (Toolkit)
WxPython,Tkinter
WxPython,WxWidgets
Perl (Programmiersprache),Allzweck-Programmiersprache
Perl (Programmiersprache),Apache HTTP Server
Perl (Programmiersprache),Ausnahmebehandlung
Perl (Programmiersprache),Bytecode
Perl (Programmiersprache),C++
Perl (Programmiersprache),C (Programmiersprache)
Perl (Programmiersprache),Closure (Funktion)
Perl (Programmiersprache),Common Gateway Interface
Perl (Programmiersprache),Debconf (Software)
Perl (Programmiersprache),Dynamische Typisierung
Perl (Programmiersprache),Freie Software
Perl (Programmiersprache),Git
Perl (Programmiersprache),Heredoc
Perl (Programmiersprache),International Conference on Functional Programming Contest
Perl (Programmiersprache),Interpreter
Perl (Programmiersprache),JavaScript
Perl (Programmiersprache),Java (Programmiersprache)
Perl (Programmiersprache),Kontrollstruktur
Perl (Programmiersprache),Leerraum
Perl (Programmiersprache),Lint (Programmierwerkzeug)
Perl (Programmiersprache),Linux
Perl (Programmiersprache),Lisp
Perl (Programmiersprache),Make
Perl (Programmiersprache),Mod perl
Perl (Programmiersprache),Objektorientierte Programmierung
Perl (Programmiersprache),Oktalsystem
Perl (Programmiersprache),O’Reilly Open Source Convention
Perl (Programmiersprache),Plattformunabhängigkeit
Perl (Programmiersprache),Quelltext
Perl (Programmiersprache),Raku (Programmiersprache)
Perl (Programmiersprache),Regulärer Ausdruck
Perl (Programmiersprache),Ruby (Programmiersprache)
Perl (Programmiersprache),Signal (Unix)
Perl (Programmiersprache),Skriptsprache
Perl (Programmiersprache),Smalltalk (Programmiersprache)
Perl (Programmiersprache),Typinferenz
Perl (Programmiersprache),Typisierung (Informatik)
Perl (Programmiersprache),Unix-Shell
Perl (Programmiersprache),Unterprogramm
Perl (Programmiersprache),Vererbung (Programmierung)
Perl (Programmiersprache),Webanwendung
Perl (Programmiersprache),World Wide Web
Perl (Programmiersprache),Zeichenkette
Perl (Programmiersprache),Wikipedia:Lesenswerte Artikel
Turtle-Grafik,C (Programmiersprache)
Turtle-Grafik,Stapelspeicher
Plattformunabhängigkeit,.NET (Oberbegriff)
Plattformunabhängigkeit,Bytecode
Plattformunabhängigkeit,C (Programmiersprache)
Plattformunabhängigkeit,Höhere Programmiersprache
Plattformunabhängigkeit,Interpreter
Plattformunabhängigkeit,Java (Programmiersprache)
Plattformunabhängigkeit,Linux
Plattformunabhängigkeit,MacOS
Plattformunabhängigkeit,Perl (Programmiersprache)
Plattformunabhängigkeit,Qt (Bibliothek)
Plattformunabhängigkeit,Webanwendung
PyPy,C (Programmiersprache)
PyPy,Garbage Collection
PyPy,Interpreter
PyPy,IronPython
PyPy,JavaScript
PyPy,Java (Programmiersprache)
PyPy,Just-in-time-Kompilierung
PyPy,Jython
PyPy,Linux
PyPy,MacOS
PyPy,Nuitka
PyPy,NumPy
PyPy,Numba (Softwarepaket)
PyPy,Psyco
PyPy,Softwareentwickler
PyPy,Stackless Python
PyPy,Standardbibliothek
PyPy,Statische Typisierung
Django (Framework),Apache HTTP Server
Django (Framework),Bikemap.net
Django (Framework),Bottle
Django (Framework),Disqus
Django (Framework),Django CMS
Django (Framework),Flask
Django (Framework),Microsoft SQL Server
Django (Framework),Mod wsgi
Django (Framework),Objektrelationale Abbildung
Django (Framework),Plattformunabhängigkeit
Django (Framework),Pootle
Django (Framework),PostgreSQL
Django (Framework),Quelltext
Django (Framework),Regulärer Ausdruck
Django (Framework),SQLAlchemy
Django (Framework),SQLite
Django (Framework),Seafile
Django (Framework),Softwareentwickler
Django (Framework),Template-Engine
Django (Framework),Vererbung (Programmierung)
Django (Framework),Web2py
Django (Framework),Web Server Gateway Interface
Scikit-learn,C++
Scikit-learn,C (Programmiersprache)
Scikit-learn,Cython
Scikit-learn,Freie Software
Scikit-learn,Gaël Varoquaux
Scikit-learn,Matplotlib
Scikit-learn,NumPy
Scikit-learn,Nächste-Nachbarn-Klassifikation
Scikit-learn,Pandas (Software)
Scikit-learn,Plattformunabhängigkeit
Scikit-learn,SciPy
Scikit-learn,Scikit-image
Scikit-learn,Softwareentwickler
Scikit-learn,XGBoost
Tkinter,C++
Tkinter,C (Programmiersprache)
Tkinter,Java (Programmiersprache)
Tkinter,Kivy
Tkinter,Linux
Tkinter,MacOS
Tkinter,Panda3D
Tkinter,Plattformunabhängigkeit
Tkinter,PyGTK
Tkinter,Pygame
Tkinter,Softwareentwickler
Tkinter,Tk (Toolkit)
Tkinter,WxPython
Monty Python,Guido van Rossum
PyCharm,Django (Framework)
PyCharm,Google App Engine
PyCharm,JavaScript
PyCharm,Java (Programmiersprache)
PyCharm,JetBrains
PyCharm,Linux
PyCharm,MacOS
PyCharm,Softwareentwickler
Höhere Programmiersprache,Bytecode
Höhere Programmiersprache,C++
Höhere Programmiersprache,C (Programmiersprache)
Höhere Programmiersprache,Interpreter
Höhere Programmiersprache,JavaScript
Höhere Programmiersprache,Java (Programmiersprache)
Höhere Programmiersprache,Just-in-time-Kompilierung
Höhere Programmiersprache,Kontrollstruktur
Höhere Programmiersprache,Lisp
Höhere Programmiersprache,Liste von Programmiersprachen
Höhere Programmiersprache,Ruby (Programmiersprache)
Höhere Programmiersprache,Variable (Programmierung)
Höhere Programmiersprache,Zeittafel der Programmiersprachen
NumPy,Bytecode
NumPy,C++
NumPy,C (Programmiersprache)
NumPy,Cython
NumPy,Deep Learning
NumPy,Guido van Rossum
NumPy,Jython
NumPy,Matlab
NumPy,Matplotlib
NumPy,OpenCV
NumPy,Plattformunabhängigkeit
NumPy,PyPy
NumPy,SciPy
NumPy,Softwareentwickler
NumPy,TensorFlow
NumPy,Typisierung (Informatik)
NumPy,Variable (Programmierung)
Keras,Deep Learning
Keras,François Chollet
Keras,Plattformunabhängigkeit
Keras,Softwareentwickler
Keras,TensorFlow
Keras,Theano (Deep Learning)
Keras,YouTube
Guido van Rossum,ABC (Programmiersprache)
Guido van Rossum,Benevolent Dictator for Life
Guido van Rossum,C (Programmiersprache)
Guido van Rossum,Centrum Wiskunde & Informatica
Guido van Rossum,Dropbox
Guido van Rossum,FSF Award
Guido van Rossum,Just van Rossum
Guido van Rossum,Skriptsprache
Menge (Datenstruktur),C++
Menge (Datenstruktur),Guido van Rossum
Menge (Datenstruktur),Iterator
Menge (Datenstruktur),Java (Programmiersprache)
Menge (Datenstruktur),Stapelspeicher
PyMOL,Freie Software
PyMOL,GIMP
PyMOL,Interpreter
PyMOL,Linux
PyMOL,MacOS
PyMOL,Softwareentwickler
PyMOL,Tcl
PyMOL,Tk (Toolkit)
Haskell (Programmiersprache),C++
Haskell (Programmiersprache),C (Programmiersprache)
Haskell (Programmiersprache),Currying
Haskell (Programmiersprache),Einrückungsstil
Haskell (Programmiersprache),Extensible Markup Language
Haskell (Programmiersprache),F-Sharp
Haskell (Programmiersprache),Funktionale Programmierung
Haskell (Programmiersprache),International Conference on Functional Programming Contest
Haskell (Programmiersprache),JavaScript
Haskell (Programmiersprache),Java (Programmiersprache)
Haskell (Programmiersprache),Kommentar (Programmierung)
Haskell (Programmiersprache),Modul (Software)
Haskell (Programmiersprache),Monade (Informatik)
Haskell (Programmiersprache),Perl (Programmiersprache)
Haskell (Programmiersprache),Plattformunabhängigkeit
Haskell (Programmiersprache),Statische Typisierung
Haskell (Programmiersprache),Swift (Programmiersprache)
Haskell (Programmiersprache),Tupel
Haskell (Programmiersprache),Typinferenz
Haskell (Programmiersprache),Typisierung (Informatik)
Anaconda (Python-Distribution),Conda (Paketverwaltung)
Anaconda (Python-Distribution),IPython
Anaconda (Python-Distribution),Linux
Anaconda (Python-Distribution),MacOS
Anaconda (Python-Distribution),Project Jupyter
Anaconda (Python-Distribution),R (Programmiersprache)
Anaconda (Python-Distribution),Spyder (Software)
Anaconda (Python-Distribution),Webanwendung
Ruby (Programmiersprache),Ada (Programmiersprache)
Ruby (Programmiersprache),Ausnahmebehandlung
Ruby (Programmiersprache),Bytecode
Ruby (Programmiersprache),CLU (Programmiersprache)
Ruby (Programmiersprache),C (Programmiersprache)
Ruby (Programmiersprache),Closure (Funktion)
Ruby (Programmiersprache),Crystal (Programmiersprache)
Ruby (Programmiersprache),D (Programmiersprache)
Ruby (Programmiersprache),Domänenspezifische Sprache
Ruby (Programmiersprache),Duck-Typing
Ruby (Programmiersprache),Dylan (Programmiersprache)
Ruby (Programmiersprache),Dynamische Typisierung
Ruby (Programmiersprache),Freie Software
Ruby (Programmiersprache),Funktionale Programmierung
Ruby (Programmiersprache),Garbage Collection
Ruby (Programmiersprache),Groovy
Ruby (Programmiersprache),Höhere Programmiersprache
Ruby (Programmiersprache),Interpreter
Ruby (Programmiersprache),JavaScript
Ruby (Programmiersprache),Java (Programmiersprache)
Ruby (Programmiersprache),Just-in-time-Kompilierung
Ruby (Programmiersprache),Kommandozeileninterpreter
Ruby (Programmiersprache),LLVM
Ruby (Programmiersprache),Linux
Ruby (Programmiersprache),Lisp
Ruby (Programmiersprache),MacOS
Ruby (Programmiersprache),Make
Ruby (Programmiersprache),Objektorientierte Programmierung
Ruby (Programmiersprache),Parrot
Ruby (Programmiersprache),Perl (Programmiersprache)
Ruby (Programmiersprache),Plattformunabhängigkeit
Ruby (Programmiersprache),Quelltext
Ruby (Programmiersprache),Reflexion (Programmierung)
Ruby (Programmiersprache),Regulärer Ausdruck
Ruby (Programmiersprache),Rubinius
Ruby (Programmiersprache),RubyGems
Ruby (Programmiersprache),Sinatra (Software)
Ruby (Programmiersprache),Smalltalk (Programmiersprache)
Ruby (Programmiersprache),Standardbibliothek
Ruby (Programmiersprache),Swift (Programmiersprache)
Ruby (Programmiersprache),Typisierung (Informatik)
Ruby (Programmiersprache),YAML
Vererbung (Programmierung),.NET (Oberbegriff)
Vererbung (Programmierung),Ausnahmebehandlung
Vererbung (Programmierung),C++
Vererbung (Programmierung),Dynamische Typisierung
Vererbung (Programmierung),Generische Programmierung
Vererbung (Programmierung),Java (Programmiersprache)
Vererbung (Programmierung),Konstruktoren und Destruktoren
Vererbung (Programmierung),Lisp
Vererbung (Programmierung),Liste von .NET-Sprachen
Vererbung (Programmierung),Mehrfachvererbung
Vererbung (Programmierung),Modul (Software)
Vererbung (Programmierung),Nullwert
Vererbung (Programmierung),Objektorientierte Programmierung
Vererbung (Programmierung),Objektrelationale Abbildung
Vererbung (Programmierung),Quelltext
Vererbung (Programmierung),Relationale Datenbank
Vererbung (Programmierung),Ruby (Programmiersprache)
Vererbung (Programmierung),Smalltalk (Programmiersprache)
Vererbung (Programmierung),Statische Typisierung
Vererbung (Programmierung),Tabelle virtueller Methoden
Vererbung (Programmierung),Variable (Programmierung)
Vererbung (Programmierung),Virtuelle Methode
Vererbung (Programmierung),Zuweisung
Vererbung (Programmierung),Wikipedia:Lesenswerte Artikel
Duck-Typing,C++
Duck-Typing,D (Programmiersprache)
Duck-Typing,Dynamische Typisierung
Duck-Typing,Groovy
Duck-Typing,Java (Programmiersprache)
Duck-Typing,Objektorientierte Programmierung
Duck-Typing,Ruby (Programmiersprache)
Duck-Typing,Skriptsprache
Zope (Webanwendungsserver),Apache HTTP Server
Zope (Webanwendungsserver),C (Programmiersprache)
Zope (Webanwendungsserver),Content-Management-System
Zope (Webanwendungsserver),Freie Software
Zope (Webanwendungsserver),Interpreter
Zope (Webanwendungsserver),Launchpad
Zope (Webanwendungsserver),Plone
Zope (Webanwendungsserver),Relationale Datenbank
Zope (Webanwendungsserver),Vererbung (Programmierung)
Zope (Webanwendungsserver),Web Server Gateway Interface
Zope (Webanwendungsserver),Zope Object Database
Closure (Funktion),Ada (Programmiersprache)
Closure (Funktion),C++
Closure (Funktion),C (Programmiersprache)
Closure (Funktion),Currying
Closure (Funktion),Funktionale Programmierung
Closure (Funktion),Groovy
Closure (Funktion),Haskell (Programmiersprache)
Closure (Funktion),JavaScript
Closure (Funktion),Java (Programmiersprache)
Closure (Funktion),Lisp
Closure (Funktion),Perl (Programmiersprache)
Closure (Funktion),Reflexion (Programmierung)
Closure (Funktion),Ruby (Programmiersprache)
Closure (Funktion),Smalltalk (Programmiersprache)
Closure (Funktion),Swift (Programmiersprache)
Closure (Funktion),Variable (Programmierung)
Closure (Funktion),Zeichenkette
Pip (Python),Plattformunabhängigkeit
Pip (Python),Standardbibliothek
Kivy,Freie Software
Kivy,MacOS
Python Software Foundation,Guido van Rossum
Zuordnungstabelle,Haskell (Programmiersprache)
Zuordnungstabelle,JavaScript
Zuordnungstabelle,Perl (Programmiersprache)
Zuordnungstabelle,Tcl
Zuordnungstabelle,Zeichenkette
Raspberry Pi,Bytecode
Raspberry Pi,C (Programmiersprache)
Raspberry Pi,Fedora (Linux-Distribution)
Raspberry Pi,Interpreter
Raspberry Pi,Java (Programmiersprache)
Raspberry Pi,Kodi (Software)
Raspberry Pi,LXDE
Raspberry Pi,Let’s Encrypt
Raspberry Pi,Linux
Raspberry Pi,MicroPython
Raspberry Pi,Plan 9 (Betriebssystem)
Raspberry Pi,Qt (Bibliothek)
Raspberry Pi,YouTube
Kommandozeileninterpreter,IPython
Kommandozeileninterpreter,Interpreter
Kommandozeileninterpreter,Kommandozeile
Kommandozeileninterpreter,Linux
Kommandozeileninterpreter,Lisp
Kommandozeileninterpreter,Objektorientierte Programmierung
Kommandozeileninterpreter,Perl (Programmiersprache)
Kommandozeileninterpreter,Plan 9 (Betriebssystem)
Kommandozeileninterpreter,PowerShell
Kommandozeileninterpreter,Ruby (Programmiersprache)
Kommandozeileninterpreter,Skriptsprache
Kommandozeileninterpreter,Unix-Shell
Kommandozeileninterpreter,Variable (Programmierung)
Qt (Bibliothek),Ada (Programmiersprache)
Qt (Bibliothek),C++
Qt (Bibliothek),C (Programmiersprache)
Qt (Bibliothek),Cocoa (API)
Qt (Bibliothek),D (Programmiersprache)
Qt (Bibliothek),Freie Software
Qt (Bibliothek),GTK (Programmbibliothek)
Qt (Bibliothek),Gnome
Qt (Bibliothek),Haskell (Programmiersprache)
Qt (Bibliothek),JavaScript
Qt (Bibliothek),Java (Programmiersprache)
Qt (Bibliothek),LaTeX
Qt (Bibliothek),Linux
Qt (Bibliothek),Lisp
Qt (Bibliothek),Liste von GUI-Bibliotheken
Qt (Bibliothek),MacOS
Qt (Bibliothek),Perl (Programmiersprache)
Qt (Bibliothek),Quelltext
Qt (Bibliothek),R (Programmiersprache)
Qt (Bibliothek),Reflexion (Programmierung)
Qt (Bibliothek),Ruby (Programmiersprache)
Qt (Bibliothek),Scalable Vector Graphics
Qt (Bibliothek),Skriptsprache
Qt (Bibliothek),Softwareentwickler
Qt (Bibliothek),Spotify
Qt (Bibliothek),Symbian-Plattform
Qt (Bibliothek),VirtualBox
Qt (Bibliothek),WxWidgets
Deep Learning,C++
Deep Learning,C (Programmiersprache)
Deep Learning,Caffe
Deep Learning,Convolutional Neural Network
Deep Learning,Deeplearning4j
Deep Learning,Java (Programmiersprache)
Deep Learning,Keras
Deep Learning,ONNX
Deep Learning,PyTorch
Deep Learning,Rekurrentes neuronales Netz
Deep Learning,TensorFlow
Deep Learning,YouTube
Maya (Software),C++
Maya (Software),C (Programmiersprache)
Maya (Software),Linux
Maya (Software),MacOS
Maya (Software),Skriptsprache
Maya (Software),Softwareentwickler
Mehrfachvererbung,.NET (Oberbegriff)
Mehrfachvererbung,C++
Mehrfachvererbung,Java (Programmiersprache)
Mehrfachvererbung,Objektorientierte Programmierung
Mehrfachvererbung,Perl (Programmiersprache)
Mehrfachvererbung,Smalltalk (Programmiersprache)
Mehrfachvererbung,Trait (Programmierung)
Mehrfachvererbung,Vererbung (Programmierung)
Standardbibliothek,C++
Standardbibliothek,C (Programmiersprache)
Standardbibliothek,Java (Programmiersprache)
Leerraum,JavaScript
Leerraum,Regulärer Ausdruck
Leerraum,Seitenvorschub
Leerraum,Variable (Programmierung)
Currying,C++
Currying,C (Programmiersprache)
Currying,Closure (Funktion)
Currying,F-Sharp
Currying,Haskell (Programmiersprache)
Currying,JavaScript
Currying,Java (Programmiersprache)
Currying,Raku (Programmiersprache)
Currying,Ruby (Programmiersprache)
Currying,Tcl
Currying,Tupel
Currying,Typinferenz
Cinema 4D,C++
Cinema 4D,Linux
Cinema 4D,MacOS
Cinema 4D,Maya (Software)
Cinema 4D,Softwareentwickler
Common Gateway Interface,Apache HTTP Server
Common Gateway Interface,ColdFusion
Common Gateway Interface,Interpreter
Common Gateway Interface,Mod perl
Common Gateway Interface,Mod python
Common Gateway Interface,Mod wsgi
Common Gateway Interface,Modul (Software)
Common Gateway Interface,Perl (Programmiersprache)
Common Gateway Interface,Phusion Passenger
Common Gateway Interface,Rack (Webserver-Interface)
Common Gateway Interface,SOAP
Common Gateway Interface,Simple Common Gateway Interface
Common Gateway Interface,Skriptsprache
Common Gateway Interface,Standard-Datenströme
Common Gateway Interface,Web Server Gateway Interface
Common Gateway Interface,World Wide Web
TensorFlow,C++
TensorFlow,C (Programmiersprache)
TensorFlow,Crystal (Programmiersprache)
TensorFlow,Deep Learning
TensorFlow,Haskell (Programmiersprache)
TensorFlow,JavaScript
TensorFlow,Java (Programmiersprache)
TensorFlow,Julia (Programmiersprache)
TensorFlow,Keras
TensorFlow,Linux
TensorFlow,MacOS
TensorFlow,R (Programmiersprache)
TensorFlow,Softwareentwickler
TensorFlow,Swift (Programmiersprache)
TensorFlow,YouTube
Parrot,Bytecode
Parrot,C (Programmiersprache)
Parrot,Guido van Rossum
Parrot,Interpreter
Parrot,LLVM
Parrot,Linux
Parrot,Perl (Programmiersprache)
Parrot,Ruby (Programmiersprache)
Parrot,Stapelspeicher
Parrot,Tcl
Parrot,Zeichenkette
SciPy,C (Programmiersprache)
SciPy,IPython
SciPy,Matplotlib
SciPy,NumPy
SciPy,Pandas (Software)
SciPy,Plattformunabhängigkeit
SciPy,Softwareentwickler
SciPy,SymPy
Boost (C++-Bibliothek),C++
Boost (C++-Bibliothek),Freie Software
Boost (C++-Bibliothek),Funktionale Programmierung
Boost (C++-Bibliothek),Generische Programmierung
Boost (C++-Bibliothek),Iterator
Boost (C++-Bibliothek),MacOS
Boost (C++-Bibliothek),Plattformunabhängigkeit
Boost (C++-Bibliothek),Trac
Boost (C++-Bibliothek),Zeichenkette
Stapelspeicher,C++
Stapelspeicher,C (Programmiersprache)
Stapelspeicher,Extensible Markup Language
Stapelspeicher,Interpreter
Stapelspeicher,Java (Programmiersprache)
Stapelspeicher,Klammer (Zeichen)
Stapelspeicher,Kontrollstruktur
Stapelspeicher,Rekursion
Stapelspeicher,Unterprogramm
Stapelspeicher,Variable (Programmierung)
MacOS,C++
MacOS,C (Programmiersprache)
MacOS,Cocoa (API)
MacOS,CrossOver
MacOS,Extensible Markup Language
MacOS,Freie Software
MacOS,Höhere Programmiersprache
MacOS,Java (Programmiersprache)
MacOS,Linux
MacOS,MacOS Catalina
MacOS,Perl (Programmiersprache)
MacOS,PlayOnLinux
MacOS,Quelltext
MacOS,Ruby (Programmiersprache)
MacOS,Samba (Software)
MacOS,Softwareentwickler
MacOS,Swift (Programmiersprache)
MacOS,Tcl
MacOS,Unix-Shell
MacOS,VirtualBox
GIMP,CUDA
GIMP,C (Programmiersprache)
GIMP,Common Gateway Interface
GIMP,Freie Software
GIMP,GTK (Programmbibliothek)
GIMP,Gnome
GIMP,Interpreter
GIMP,JavaScript
GIMP,Linux
GIMP,MacOS
GIMP,Perl (Programmiersprache)
GIMP,Ruby (Programmiersprache)
GIMP,Scalable Vector Graphics
GIMP,Softwareentwickler
GIMP,Tcl
Google,C++
Google,C (Programmiersprache)
Google,Doppelpunkt
Google,Google Chrome
Google,JavaScript
Google,Lisp
Google,Quelltext
Google,Rekursion
Google,Webmaster
Google,World Wide Web
Google,YouTube
IDLE,Guido van Rossum
IDLE,Interpreter
IDLE,MacOS
IDLE,Plattformunabhängigkeit
IDLE,Python Software Foundation
IDLE,Softwareentwickler
IDLE,Tkinter
Flask,Armin Ronacher
Flask,Bottle
Flask,Django (Framework)
Flask,Firebird (Datenbank)
Flask,Google App Engine
Flask,Microsoft SQL Server
Flask,MongoDB
Flask,Objektrelationale Abbildung
Flask,Plattformunabhängigkeit
Flask,PostgreSQL
Flask,SQLAlchemy
Flask,SQLite
Flask,Softwareentwickler
Flask,Template-Engine
Flask,Web2py
Flask,Web Server Gateway Interface
CLU (Programmiersprache),Ada (Programmiersprache)
CLU (Programmiersprache),Ausnahmebehandlung
CLU (Programmiersprache),C++
CLU (Programmiersprache),Iterator
CLU (Programmiersprache),Java (Programmiersprache)
CLU (Programmiersprache),Lisp
CLU (Programmiersprache),Objektorientierte Programmierung
CLU (Programmiersprache),Ruby (Programmiersprache)
CLU (Programmiersprache),Vererbung (Programmierung)
CLU (Programmiersprache),Zuweisung
Cobra (Programmiersprache),D (Programmiersprache)
Cobra (Programmiersprache),Dynamische Typisierung
Cobra (Programmiersprache),Generische Programmierung
Cobra (Programmiersprache),Objektorientierte Programmierung
Cobra (Programmiersprache),Statische Typisierung
Cobra (Programmiersprache),Typisierung (Informatik)
Tcl,Apache HTTP Server
Tcl,Ausnahmebehandlung
Tcl,Bytecode
Tcl,C++
Tcl,CAD
Tcl,C (Programmiersprache)
Tcl,Common Gateway Interface
Tcl,Dynamische Typisierung
Tcl,Funktionale Programmierung
Tcl,Interpreter
Tcl,Java (Programmiersprache)
Tcl,Java Command Language
Tcl,Kommandozeile
Tcl,Kommandozeileninterpreter
Tcl,Konstruktoren und Destruktoren
Tcl,Linux
Tcl,Lisp
Tcl,MacOS
Tcl,Mehrfachvererbung
Tcl,Metaklasse
Tcl,Objektorientierte Programmierung
Tcl,Perl (Programmiersprache)
Tcl,PostgreSQL
Tcl,R (Programmiersprache)
Tcl,Rautezeichen
Tcl,Regulärer Ausdruck
Tcl,Ruby (Programmiersprache)
Tcl,Skriptsprache
Tcl,Tk (Toolkit)
Tcl,Typisierung (Informatik)
Tcl,Unix-Shell
Tcl,Variable (Programmierung)
Tcl,Vererbung (Programmierung)
Tcl,Zeichenkette
Spyder (Software),Anaconda (Python-Distribution)
Spyder (Software),Cython
Spyder (Software),IPython
Spyder (Software),Linux
Spyder (Software),MacOS
Spyder (Software),Matplotlib
Spyder (Software),NumPy
Spyder (Software),Pandas (Software)
Spyder (Software),Project Jupyter
Spyder (Software),Qt (Bibliothek)
Spyder (Software),SciPy
Spyder (Software),Softwareentwickler
Spyder (Software),SymPy
Visual Studio,C++
Visual Studio,C (Programmiersprache)
Visual Studio,Extensible Markup Language
Visual Studio,F-Sharp
Visual Studio,Höhere Programmiersprache
Visual Studio,JavaScript
Visual Studio,Java (Programmiersprache)
Visual Studio,LINQ
Visual Studio,MacOS
Visual Studio,Microsoft Foundation Classes
Visual Studio,Microsoft SQL Server
Visual Studio,Softwareentwickler
Visual Studio,Visual Studio Code
Visual Studio,Webanwendung
Visual Studio,World Wide Web
Visual Studio,XSL Transformation
Java (Programmiersprache),.NET (Oberbegriff)
Java (Programmiersprache),Ada (Programmiersprache)
Java (Programmiersprache),Atom (Texteditor)
Java (Programmiersprache),Ausnahmebehandlung
Java (Programmiersprache),Boolean
Java (Programmiersprache),Bytecode
Java (Programmiersprache),C++
Java (Programmiersprache),C (Programmiersprache)
Java (Programmiersprache),Dynamische Typisierung
Java (Programmiersprache),Eclipse (IDE)
Java (Programmiersprache),Filesharing
Java (Programmiersprache),Freie Software
Java (Programmiersprache),Funktionale Programmierung
Java (Programmiersprache),Geany
Java (Programmiersprache),Groovy
Java (Programmiersprache),IntelliJ IDEA
Java (Programmiersprache),Interpreter
Java (Programmiersprache),JEdit
Java (Programmiersprache),Java-Technologie
Java (Programmiersprache),JavaOne
Java (Programmiersprache),JavaScript
Java (Programmiersprache),JetBrains
Java (Programmiersprache),Just-in-time-Kompilierung
Java (Programmiersprache),LLVM
Java (Programmiersprache),Linux
Java (Programmiersprache),MacOS
Java (Programmiersprache),Mehrfachvererbung
Java (Programmiersprache),NetBeans IDE
Java (Programmiersprache),Notepad++
Java (Programmiersprache),Objektorientierte Programmierung
Java (Programmiersprache),Pattern Matching
Java (Programmiersprache),Perl (Programmiersprache)
Java (Programmiersprache),Plattformunabhängigkeit
Java (Programmiersprache),Quelltext
Java (Programmiersprache),Reflexion (Programmierung)
Java (Programmiersprache),Skriptsprache
Java (Programmiersprache),Smalltalk (Programmiersprache)
Java (Programmiersprache),Statische Typisierung
Java (Programmiersprache),TIOBE-Index
Java (Programmiersprache),Typinferenz
Java (Programmiersprache),Typisierung (Informatik)
Java (Programmiersprache),Vala (Programmiersprache)
Java (Programmiersprache),Variable (Programmierung)
Java (Programmiersprache),Variadische Funktion
Java (Programmiersprache),Vim
Java (Programmiersprache),Visual Studio Code
Java (Programmiersprache),Wiederverwendbarkeit
Dynamische Typisierung,Boo (Programmiersprache)
Dynamische Typisierung,C++
Dynamische Typisierung,Duck-Typing
Dynamische Typisierung,JavaScript
Dynamische Typisierung,Ruby (Programmiersprache)
Dynamische Typisierung,Skriptsprache
Dynamische Typisierung,Statische Typisierung
Dynamische Typisierung,Typisierung (Informatik)
Dylan (Programmiersprache),BeanShell
Dylan (Programmiersprache),Linux
Dylan (Programmiersprache),Lisp
Dylan (Programmiersprache),Objektorientierte Programmierung
Dylan (Programmiersprache),Ruby (Programmiersprache)
Dylan (Programmiersprache),Smalltalk (Programmiersprache)
Dylan (Programmiersprache),Typisierung (Informatik)
Cython,C++
Cython,C (Programmiersprache)
Cython,Duck-Typing
Cython,Dynamische Typisierung
Cython,Extensible Markup Language
Cython,Funktionale Programmierung
Cython,Höhere Programmiersprache
Cython,Interpreter
Cython,Just-in-time-Kompilierung
Cython,Libxml2
Cython,Linux
Cython,MacOS
Cython,Message Passing Interface
Cython,NumPy
Cython,Objektorientierte Programmierung
Cython,Psyco
Cython,PyPy
Cython,Quelltext
Cython,Statische Typisierung
Cython,Typinferenz
Cython,Typisierung (Informatik)
Matplotlib,Freie Software
Matplotlib,Plattformunabhängigkeit
Matplotlib,Qt (Bibliothek)
Matplotlib,Scalable Vector Graphics
Matplotlib,Softwareentwickler
Matplotlib,Tk (Toolkit)
Matplotlib,WxWidgets
Funktionale Programmierung,C (Programmiersprache)
Funktionale Programmierung,Dynamische Typisierung
Funktionale Programmierung,Eval
Funktionale Programmierung,F-Sharp
Funktionale Programmierung,Haskell (Programmiersprache)
Funktionale Programmierung,International Conference on Functional Programming Contest
Funktionale Programmierung,Java (Programmiersprache)
Funktionale Programmierung,Julia (Programmiersprache)
Funktionale Programmierung,Lisp
Funktionale Programmierung,Monade (Informatik)
Funktionale Programmierung,Rekursion
Funktionale Programmierung,Statische Typisierung
Funktionale Programmierung,Swift (Programmiersprache)
Funktionale Programmierung,Typinferenz
SQLAlchemy,Django (Framework)
SQLAlchemy,Firebird (Datenbank)
SQLAlchemy,Liste der Datenbankmanagementsysteme
SQLAlchemy,Microsoft SQL Server
SQLAlchemy,Objektrelationale Abbildung
SQLAlchemy,Plattformunabhängigkeit
SQLAlchemy,PostgreSQL
SQLAlchemy,Relationale Datenbank
SQLAlchemy,SQLite
Objektorientierte Programmierung,Ada (Programmiersprache)
Objektorientierte Programmierung,C++
Objektorientierte Programmierung,C (Programmiersprache)
Objektorientierte Programmierung,Java (Programmiersprache)
Objektorientierte Programmierung,Konstruktoren und Destruktoren
Objektorientierte Programmierung,Liste objektorientierter Programmiersprachen
Objektorientierte Programmierung,Modul (Software)
Objektorientierte Programmierung,Objektbasierte Programmiersprache
Objektorientierte Programmierung,Objektrelationale Abbildung
Objektorientierte Programmierung,Reflexion (Programmierung)
Objektorientierte Programmierung,Relationale Datenbank
Objektorientierte Programmierung,Smalltalk (Programmiersprache)
Objektorientierte Programmierung,Vererbung (Programmierung)
Objektorientierte Programmierung,Wiederverwendbarkeit
Web2py,Affenformular
Web2py,Common Gateway Interface
Web2py,Content-Management-System
Web2py,Firebird (Datenbank)
Web2py,Freie Software
Web2py,Google App Engine
Web2py,Liste der Datenbankmanagementsysteme
Web2py,Microsoft SQL Server
Web2py,Plattformunabhängigkeit
Web2py,PostgreSQL
Web2py,SQLite
Web2py,Softwareentwickler
Web2py,Web Server Gateway Interface
Web2py,Webanwendung
Web2py,Website
Relationale Datenbank,C++
Relationale Datenbank,Java (Programmiersprache)
Relationale Datenbank,Liste der Datenbankmanagementsysteme
Relationale Datenbank,Microsoft SQL Server
Relationale Datenbank,Objektorientierte Programmierung
Relationale Datenbank,Objektrelationale Abbildung
Relationale Datenbank,PostgreSQL
Relationale Datenbank,Rekursion
Relationale Datenbank,Tcl
Relationale Datenbank,Tupel
Relationale Datenbank,Tupel (Informatik)
Relationale Datenbank,Vererbung (Programmierung)
Quelltext,Bytecode
Quelltext,C (Programmiersprache)
Quelltext,Einrückungsstil
Quelltext,Freie Software
Quelltext,Interpreter
Quelltext,Just-in-time-Kompilierung
Quelltext,Kommentar (Programmierung)
Quelltext,Make
Quelltext,Nassi-Shneiderman-Diagramm
Quelltext,Quelltextformatierung
Quelltext,Unterprogramm
Allzweck-Programmiersprache,C++
Allzweck-Programmiersprache,C (Programmiersprache)
Allzweck-Programmiersprache,Domänenspezifische Sprache
Allzweck-Programmiersprache,JavaScript
Allzweck-Programmiersprache,Java (Programmiersprache)
Allzweck-Programmiersprache,Modul (Software)
Allzweck-Programmiersprache,TIOBE-Index
Smalltalk (Programmiersprache),Bytecode
Smalltalk (Programmiersprache),C++
Smalltalk (Programmiersprache),Dylan (Programmiersprache)
Smalltalk (Programmiersprache),Dynamische Programmiersprache
Smalltalk (Programmiersprache),Dynamische Typisierung
Smalltalk (Programmiersprache),Eclipse (IDE)
Smalltalk (Programmiersprache),Freie Software
Smalltalk (Programmiersprache),Garbage Collection
Smalltalk (Programmiersprache),Groovy
Smalltalk (Programmiersprache),Iterator
Smalltalk (Programmiersprache),Java (Programmiersprache)
Smalltalk (Programmiersprache),Linux
Smalltalk (Programmiersprache),Lisp
Smalltalk (Programmiersprache),MacOS
Smalltalk (Programmiersprache),Objektorientierte Programmierung
Smalltalk (Programmiersprache),Perl (Programmiersprache)
Smalltalk (Programmiersprache),Quelltext
Smalltalk (Programmiersprache),Raku (Programmiersprache)
Smalltalk (Programmiersprache),Ruby (Programmiersprache)
Smalltalk (Programmiersprache),Statische Typisierung
Smalltalk (Programmiersprache),Typisierung (Informatik)
Smalltalk (Programmiersprache),Zeichenkette
Project Jupyter,FSF Award
Project Jupyter,Haskell (Programmiersprache)
Project Jupyter,IPython
Project Jupyter,Julia (Programmiersprache)
Project Jupyter,Kommandozeileninterpreter
Project Jupyter,LaTeX
Project Jupyter,R (Programmiersprache)
Project Jupyter,Ruby (Programmiersprache)
Project Jupyter,Tornado (Webserver)
Project Jupyter,Webanwendung
Project Jupyter,ZeroMQ
Zeichenkette,Ada (Programmiersprache)
Zeichenkette,C++
Zeichenkette,C (Programmiersprache)
Zeichenkette,Garbage Collection
Zeichenkette,Java (Programmiersprache)
Zeichenkette,Leerraum
Zeichenkette,Microsoft Excel
Zeichenkette,Perl (Programmiersprache)
Zeichenkette,Quelltext
Zeichenkette,Regulärer Ausdruck
Wikipedia:Lesenswerte Artikel,Apache OpenOffice
Wikipedia:Lesenswerte Artikel,Damenproblem
Wikipedia:Lesenswerte Artikel,Fedora (Linux-Distribution)
Wikipedia:Lesenswerte Artikel,Freie Software
Wikipedia:Lesenswerte Artikel,Perl (Programmiersprache)
Wikipedia:Lesenswerte Artikel,Scalable Vector Graphics
Wikipedia:Lesenswerte Artikel,Vererbung (Programmierung)
Wikipedia:Lesenswerte Artikel,Wikipedia:Hauptseite/Artikel des Tages/Verwaltung/Lesenswerte Artikel
Wikipedia:Lesenswerte Artikel,Wikipedia:Lesenswerte Artikel/Wissenschaft
Wikipedia:Lesenswerte Artikel,Wikipedia:Lesenswerte Artikel/nach Datum
IPython,C (Programmiersprache)
IPython,JavaScript
IPython,Kommandozeileninterpreter
IPython,LaTeX
IPython,Matlab
IPython,Matplotlib
IPython,Plattformunabhängigkeit
IPython,Project Jupyter
IPython,Qt (Bibliothek)
IPython,Reflexion (Programmierung)
IPython,Softwareentwickler
IPython,Tornado (Webserver)
IPython,ZeroMQ
IntelliJ IDEA,C++
IntelliJ IDEA,Freie Software
IntelliJ IDEA,Git
IntelliJ IDEA,Groovy
IntelliJ IDEA,Java-Technologie
IntelliJ IDEA,JavaScript
IntelliJ IDEA,Java (Programmiersprache)
IntelliJ IDEA,JetBrains
IntelliJ IDEA,Linux
IntelliJ IDEA,MacOS
IntelliJ IDEA,PyCharm
IntelliJ IDEA,Ruby (Programmiersprache)
IntelliJ IDEA,Softwareentwickler
NetBeans IDE,Ada (Programmiersprache)
NetBeans IDE,Apache OpenOffice
NetBeans IDE,Apache Subversion
NetBeans IDE,C++
NetBeans IDE,C (Programmiersprache)
NetBeans IDE,Coco/R
NetBeans IDE,Eclipse (IDE)
NetBeans IDE,Freie Software
NetBeans IDE,GNU Debugger
NetBeans IDE,Git
NetBeans IDE,Groovy
NetBeans IDE,JavaScript
NetBeans IDE,Java (Programmiersprache)
NetBeans IDE,LaTeX
NetBeans IDE,Mercurial
NetBeans IDE,Perl (Programmiersprache)
NetBeans IDE,Plattformunabhängigkeit
NetBeans IDE,Qt (Bibliothek)
NetBeans IDE,Ruby (Programmiersprache)
NetBeans IDE,Softwareentwickler
NetBeans IDE,Tcl
Skriptsprache,.NET (Oberbegriff)
Skriptsprache,Blender (Software)
Skriptsprache,C (Programmiersprache)
Skriptsprache,CoffeeScript
Skriptsprache,Currying
Skriptsprache,Dynamische Typisierung
Skriptsprache,Funktionale Programmierung
Skriptsprache,GIMP
Skriptsprache,Groovy
Skriptsprache,Guido van Rossum
Skriptsprache,Interpreter
Skriptsprache,IronPython
Skriptsprache,JavaScript
Skriptsprache,Java (Programmiersprache)
Skriptsprache,Jython
Skriptsprache,Kommandozeileninterpreter
Skriptsprache,LPC (Programmiersprache)
Skriptsprache,Lisp
Skriptsprache,MacOS
Skriptsprache,Objektorientierte Programmierung
Skriptsprache,Pattern Matching
Skriptsprache,Perl (Programmiersprache)
Skriptsprache,PowerShell
Skriptsprache,PyPy
Skriptsprache,Python Software Foundation
Skriptsprache,Quelltext
Skriptsprache,Rubinius
Skriptsprache,Ruby (Programmiersprache)
Skriptsprache,Squirrel (Programmiersprache)
Skriptsprache,Statische Typisierung
Skriptsprache,Tcl
Skriptsprache,Tk (Toolkit)
Skriptsprache,Typisierung (Informatik)
Skriptsprache,Unix-Shell
Skriptsprache,Variable (Programmierung)
Skriptsprache,Vererbung (Programmierung)
Skriptsprache,Vim
Skriptsprache,Webanwendung
Lisp,Bytecode
Lisp,Dylan (Programmiersprache)
Lisp,Dynamische Typisierung
Lisp,Funktionale Programmierung
Lisp,Garbage Collection
Lisp,Haskell (Programmiersprache)
Lisp,Interpreter
Lisp,Java (Programmiersprache)
Lisp,Kontrollstruktur
Lisp,Objektorientierte Programmierung
Lisp,Perl (Programmiersprache)
Lisp,Quelltext
Lisp,Reflexion (Programmierung)
Lisp,Ruby (Programmiersprache)
Lisp,Skriptsprache
Lisp,Smalltalk (Programmiersprache)
Lisp,Typisierung (Informatik)
Lisp,Variable (Programmierung)
Peter J. Landin,Funktionale Programmierung
Peter J. Landin,Haskell (Programmiersprache)
Peter J. Landin,ISWIM
Peter J. Landin,Leerraum
Peter J. Landin,Rekursion
Tupel (Informatik),Haskell (Programmiersprache)
Tupel (Informatik),Relationale Datenbank
Tupel (Informatik),Swift (Programmiersprache)
Tupel (Informatik),Tupel
PyTorch,Amazon Web Services
PyTorch,C++
PyTorch,CUDA
PyTorch,C (Programmiersprache)
PyTorch,Cython
PyTorch,Deep Learning
PyTorch,Java (Programmiersprache)
PyTorch,Linux
PyTorch,MacOS
PyTorch,Message Passing Interface
PyTorch,NumPy
PyTorch,ONNX
PyTorch,SciPy
PyTorch,Scikit-learn
PyTorch,Softwareentwickler
Web Server Gateway Interface,Apache HTTP Server
Web Server Gateway Interface,Common Gateway Interface
Web Server Gateway Interface,Django (Framework)
Web Server Gateway Interface,Flask
Web Server Gateway Interface,Mod perl
Web Server Gateway Interface,Mod python
Web Server Gateway Interface,Mod wsgi
Web Server Gateway Interface,Odoo
Web Server Gateway Interface,Phusion Passenger
Web Server Gateway Interface,Plattformunabhängigkeit
Web Server Gateway Interface,Rack (Webserver-Interface)
Web Server Gateway Interface,SOAP
Web Server Gateway Interface,Seafile
Web Server Gateway Interface,Simple Common Gateway Interface
Web Server Gateway Interface,Trac
Web Server Gateway Interface,Tryton
Web Server Gateway Interface,Web2py
Web Server Gateway Interface,Webanwendung
Web Server Gateway Interface,Website
Web Server Gateway Interface,Zope (Webanwendungsserver)
Interpreter,.NET (Oberbegriff)
Interpreter,Bytecode
Interpreter,C (Programmiersprache)
Interpreter,JavaScript
Interpreter,Java (Programmiersprache)
Interpreter,Just-in-time-Kompilierung
Interpreter,Kommandozeileninterpreter
Interpreter,Perl (Programmiersprache)
Interpreter,Quelltext
Interpreter,Ruby (Programmiersprache)
Interpreter,Shebang
Interpreter,Skriptsprache
Interpreter,Smalltalk (Programmiersprache)
Interpreter,Tcl
Interpreter,Unix-Shell
Referenzzählung,C++
Referenzzählung,C (Programmiersprache)
Referenzzählung,Cocoa (API)
Referenzzählung,Garbage Collection
Referenzzählung,Inkrement und Dekrement
Referenzzählung,Objektorientierte Programmierung
Referenzzählung,Perl (Programmiersprache)
Referenzzählung,R (Programmiersprache)
Referenzzählung,Squirrel (Programmiersprache)
Referenzzählung,Swift (Programmiersprache)
Referenzzählung,Vala (Programmiersprache)
Referenzzählung,Zeichenkette
