Baum,Bedecktsamer
Baum,Digital Object Identifier
Baum,Evolution
Baum,Gemeine Fichte
Baum,Gemeinsame Normdatei
Baum,Internationale Standardnummer für fortlaufende Sammelwerke
Baum,Internet Archive
Baum,Library of Congress Control Number
Baum,Nacktsamer
Baum,New York City
Baum,Subtropen
Baum,Tropen
Baum,Web-Archivierung
Baum,Benutzer:InternetArchiveBot/Anleitung/Archivlink
Maurice Maeterlinck,Friedrich von Oppeln-Bronikowski
Maurice Maeterlinck,Gemeinsame Normdatei
Maurice Maeterlinck,Jürgen Tautz
Maurice Maeterlinck,Library of Congress Control Number
Maurice Maeterlinck,New York City
Artenvielfalt,Art (Biologie)
Artenvielfalt,Aussterben
Artenvielfalt,Bedecktsamer
Artenvielfalt,Digital Object Identifier
Artenvielfalt,Gemeinsame Normdatei
Artenvielfalt,Insekten
Artenvielfalt,Internationale Standardnummer für fortlaufende Sammelwerke
Artenvielfalt,Internet Archive
Artenvielfalt,Klasse (Biologie)
Artenvielfalt,Library of Congress Control Number
Artenvielfalt,Web-Archivierung
Artenvielfalt,Benutzer:InternetArchiveBot/Anleitung/Archivlink
Sandbienen,Andrenidae
Sandbienen,Apoidea
Sandbienen,Blutbienen
Sandbienen,Brutschmarotzer
Sandbienen,Familie (Biologie)
Sandbienen,Internationale Standardnummer für fortlaufende Sammelwerke
Sandbienen,Kuckucksbienen
Sandbienen,Nektar (Botanik)
Sandbienen,Nomenklatur (Biologie)
Sandbienen,Ordnung (Biologie)
Sandbienen,Pollen
Sandbienen,Stechimmen
Sandbienen,Systematik (Biologie)
Volksinitiative (Deutschland),Deutschland
Volksinitiative (Deutschland),Gemeinsame Normdatei
Volksinitiative (Deutschland),Volksbegehren (Deutschland)
Wildbiene,Apoidea
Wildbiene,Bienensterben
Wildbiene,Blutbienen
Wildbiene,Digital Object Identifier
Wildbiene,Familie (Biologie)
Wildbiene,Fleckenbienen
Wildbiene,Furchenbienen
Wildbiene,Gemeinsame Normdatei
Wildbiene,Grabwespen
Wildbiene,Große Wollbiene
Wildbiene,Halictus
Wildbiene,Holzbienen
Wildbiene,Honigbienen
Wildbiene,Hosenbiene
Wildbiene,Hummeln
Wildbiene,Imker
Wildbiene,Insektensterben
Wildbiene,Internationale Standardnummer für fortlaufende Sammelwerke
Wildbiene,Kegelbienen
Wildbiene,Lasioglossum
Wildbiene,Macropis
Wildbiene,Maskenbienen
Wildbiene,Megachilidae
Wildbiene,Paul Westrich
Wildbiene,Rote Mauerbiene
Wildbiene,Sandbienen
Wildbiene,Stachellose Bienen
Wildbiene,Systematik (Biologie)
Wildbiene,Westliche Honigbiene
Ostasien,Gemeinsame Normdatei
Ostasien,Zentralasien
New York City,Deutschland
New York City,Gemeinsame Normdatei
New York City,Gondwana
New York City,Internationale Standardnummer für fortlaufende Sammelwerke
New York City,Internet Archive
New York City,Library of Congress Control Number
New York City,New Jersey
New York City,Web-Archivierung
Aussterben,Arktis
Aussterben,Art (Biologie)
Aussterben,Artenvielfalt
Aussterben,Digital Object Identifier
Aussterben,Gemeinsame Normdatei
Aussterben,Internet Archive
Aussterben,Library of Congress Control Number
Aussterben,Web-Archivierung
Bernstein,Art (Biologie)
Bernstein,Deutschland
Bernstein,Digital Object Identifier
Bernstein,Gemeinsame Normdatei
Bernstein,Insekten
Bernstein,Internationale Standardnummer für fortlaufende Sammelwerke
Bernstein,Internet Archive
Bernstein,Library of Congress Control Number
Bernstein,New Jersey
Bernstein,Slowenien
Bernstein,Subtropen
Bernstein,Tropen
Bernstein,Web-Archivierung
Bernstein,Benutzer:InternetArchiveBot/Anleitung/Archivlink
Bienensterben,Bienenkönigin
Bienensterben,Digital Object Identifier
Bienensterben,Gemeinsame Normdatei
Bienensterben,Honig
Bienensterben,Hummeln
Bienensterben,Imker
Bienensterben,Insektensterben
Bienensterben,Internationale Standardnummer für fortlaufende Sammelwerke
Bienensterben,Internet Archive
Bienensterben,Nektar (Botanik)
Bienensterben,Pollen
Bienensterben,Protein
Bienensterben,Web-Archivierung
Bienensterben,Weltbienentag
Bienensterben,Westliche Honigbiene
Bienensterben,Wildbiene
Bienensterben,Benutzer:InternetArchiveBot/Anleitung/Archivlink
Paul Westrich,Gemeinsame Normdatei
Paul Westrich,Internationale Standardnummer für fortlaufende Sammelwerke
Paul Westrich,Library of Congress Control Number
Paul Westrich,Wildbiene
Wirbellose,Gemeinsame Normdatei
Wirbellose,Library of Congress Control Number
Wirbellose,Systematik (Biologie)
Buntbienen,Andrenidae
Buntbienen,Apoidea
Buntbienen,Familie (Biologie)
Buntbienen,Nomenklatur (Biologie)
Buntbienen,Ordnung (Biologie)
Buntbienen,Stechimmen
Buntbienen,Systematik (Biologie)
Buntbienen,Taillenwespen
Buntbienen,Zottelbienen
Pollen,Bedecktsamer
Pollen,Gemeinsame Normdatei
Pollen,Hummeln
Pollen,Imker
Pollen,Insekten
Pollen,Internet Archive
Pollen,Library of Congress Control Number
Pollen,Nacktsamer
Pollen,Protein
Pollen,Web-Archivierung
Pollen,Westliche Honigbiene
Systematik (Biologie),Art (Biologie)
Systematik (Biologie),Baum
Systematik (Biologie),Digital Object Identifier
Systematik (Biologie),Evolution
Systematik (Biologie),Familie (Biologie)
Systematik (Biologie),Gemeinsame Normdatei
Systematik (Biologie),Internationale Standardnummer für fortlaufende Sammelwerke
Systematik (Biologie),Internet Archive
Systematik (Biologie),Klasse (Biologie)
Systematik (Biologie),Nomenklatur (Biologie)
Systematik (Biologie),Ordnung (Biologie)
Systematik (Biologie),Paraphyletisch
Systematik (Biologie),Pflanzen
Systematik (Biologie),Protein
Systematik (Biologie),Tribus (Biologie)
Systematik (Biologie),Web-Archivierung
Kraftbienen,Apidae
Kraftbienen,Apinae
Kraftbienen,Apoidea
Kraftbienen,Bienentrachtpflanze
Kraftbienen,Familie (Biologie)
Kraftbienen,Glanzbienen
Kraftbienen,Nomenklatur (Biologie)
Kraftbienen,Ordnung (Biologie)
Kraftbienen,Schlürfbienen
Kraftbienen,Spiralhornbienen
Kraftbienen,Stechimmen
Kraftbienen,Systematik (Biologie)
Hosenbiene,Art (Biologie)
Hosenbiene,Familie (Biologie)
Hosenbiene,Melittidae
Hosenbiene,Nomenklatur (Biologie)
Hosenbiene,Systematik (Biologie)
Hosenbiene,Tribus (Biologie)
Graubienen,Apoidea
Graubienen,Familie (Biologie)
Graubienen,Glanzbienen
Graubienen,Halictidae
Graubienen,Nomenklatur (Biologie)
Graubienen,Ordnung (Biologie)
Graubienen,Stechimmen
Graubienen,Systematik (Biologie)
Stechimmen,Apoidea
Stechimmen,Art (Biologie)
Stechimmen,Faltenwespen
Stechimmen,Familie (Biologie)
Stechimmen,Giftstachel
Stechimmen,Grabwespen
Stechimmen,Hautflügler
Stechimmen,Homoiothermie
Stechimmen,Honigbienen
Stechimmen,Hummeln
Stechimmen,Insekten
Stechimmen,Insektenstich
Stechimmen,Internet Archive
Stechimmen,Klasse (Biologie)
Stechimmen,Legimmen
Stechimmen,Nomenklatur (Biologie)
Stechimmen,Ordnung (Biologie)
Stechimmen,Pflanzenwespen
Stechimmen,Systematik (Biologie)
Stechimmen,Taillenwespen
Stechimmen,Web-Archivierung
Stechimmen,Wehrstachel
Nest,Baum
Nest,Brut
Nest,Brutpflege
Nest,Gemeine Fichte
Nest,Insekten
Nest,Internet Archive
Nest,Web-Archivierung
Nest,Benutzer:InternetArchiveBot/Anleitung/Archivlink
Seidenbienen,Apoidea
Seidenbienen,Blutbienen
Seidenbienen,Colletidae
Seidenbienen,Familie (Biologie)
Seidenbienen,Maskenbienen
Seidenbienen,Nomenklatur (Biologie)
Seidenbienen,Ordnung (Biologie)
Seidenbienen,Pollen
Seidenbienen,Stechimmen
Seidenbienen,Systematik (Biologie)
Seidenbienen,Taillenwespen
Taillenwespen,Apoidea
Taillenwespen,Digital Object Identifier
Taillenwespen,Faltenwespen
Taillenwespen,Giftstachel
Taillenwespen,Hautflügler
Taillenwespen,Hummeln
Taillenwespen,Insekten
Taillenwespen,Internet Archive
Taillenwespen,Klasse (Biologie)
Taillenwespen,Legimmen
Taillenwespen,Nomenklatur (Biologie)
Taillenwespen,Ordnung (Biologie)
Taillenwespen,Paraphyletisch
Taillenwespen,Pflanzenwespen
Taillenwespen,Schlupfwespen
Taillenwespen,Staat (Biologie)
Taillenwespen,Stechimmen
Taillenwespen,Systematik (Biologie)
Taillenwespen,Web-Archivierung
Taillenwespen,Wehrstachel
Hoplitis,Apoidea
Hoplitis,Charles Duncan Michener
Hoplitis,Digital Object Identifier
Hoplitis,Familie (Biologie)
Hoplitis,Internationale Standardnummer für fortlaufende Sammelwerke
Hoplitis,Mauerbienen
Hoplitis,Megachilidae
Hoplitis,Nomenklatur (Biologie)
Hoplitis,Ordnung (Biologie)
Hoplitis,Stechimmen
Hoplitis,Systematik (Biologie)
Tropen,Art (Biologie)
Tropen,Artenvielfalt
Tropen,Aussterben
Tropen,Baum
Tropen,Digital Object Identifier
Tropen,Gemeinsame Normdatei
Tropen,Hochgebirge
Tropen,Insekten
Tropen,Internationale Standardnummer für fortlaufende Sammelwerke
Tropen,Kaltgemäßigte Klimazone
Tropen,Kühlgemäßigte Klimazone
Tropen,Subtropen
Tropen,Trockengebiet
Tropen,Web-Archivierung
Library of Congress Control Number,Gemeinsame Normdatei
Nektar (Botanik),Art (Biologie)
Nektar (Botanik),Evolution
Nektar (Botanik),Fortpflanzung
Nektar (Botanik),Gemeinsame Normdatei
Nektar (Botanik),Honig
Nektar (Botanik),Honigbienen
Nektar (Botanik),Insekten
Nektar (Botanik),Library of Congress Control Number
Nektar (Botanik),Pflanzen
Nektar (Botanik),Pollen
Pflanzenwespen,Art (Biologie)
Pflanzenwespen,Digital Object Identifier
Pflanzenwespen,Gemeinsame Normdatei
Pflanzenwespen,Hautflügler
Pflanzenwespen,Insekten
Pflanzenwespen,Klasse (Biologie)
Pflanzenwespen,Nomenklatur (Biologie)
Pflanzenwespen,Ordnung (Biologie)
Pflanzenwespen,Paraphyletisch
Pflanzenwespen,Systematik (Biologie)
Pflanzenwespen,Taillenwespen
Hummeln,Apinae
Hummeln,Apoidea
Hummeln,Art (Biologie)
Hummeln,Brut
Hummeln,Dave Goulson
Hummeln,Digital Object Identifier
Hummeln,Drohn
Hummeln,Familie (Biologie)
Hummeln,Gemeinsame Normdatei
Hummeln,Giftstachel
Hummeln,Große Wollbiene
Hummeln,Hannes F. Paulus
Hummeln,Hautflügler
Hummeln,Holzbienen
Hummeln,Honig
Hummeln,Honigbienen
Hummeln,Insekten
Hummeln,Internationale Standardnummer für fortlaufende Sammelwerke
Hummeln,Internet Archive
Hummeln,Kuckuckshummeln
Hummeln,Körbchensammler
Hummeln,Nektar (Botanik)
Hummeln,Nest
Hummeln,Nomenklatur (Biologie)
Hummeln,Ordnung (Biologie)
Hummeln,Pollen
Hummeln,Rüssel
Hummeln,Sahara
Hummeln,Sozialparasitismus
Hummeln,Staat (Biologie)
Hummeln,Stechimmen
Hummeln,Systematik (Biologie)
Hummeln,Tropen
Hummeln,Web-Archivierung
Hummeln,Wehrstachel
Hummeln,Westliche Honigbiene
Hummeln,Wildbiene
Lasioglossum,Apoidea
Lasioglossum,Art (Biologie)
Lasioglossum,Blutbienen
Lasioglossum,Familie (Biologie)
Lasioglossum,Halictidae
Lasioglossum,Halictus
Lasioglossum,Nomenklatur (Biologie)
Lasioglossum,Ordnung (Biologie)
Lasioglossum,Solitär (Zoologie)
Lasioglossum,Stechimmen
Lasioglossum,Systematik (Biologie)
Lasioglossum,Taillenwespen
Lasioglossum,Tribus (Biologie)
Trockengebiet,Gemeinsame Normdatei
Trockengebiet,Kühlgemäßigte Klimazone
Trockengebiet,Steppe
Trockengebiet,Subtropen
Trockengebiet,Tropen
Trockengebiet,Ökologie
Bundesamt für Lebensmittelsicherheit und Veterinärwesen,Gemeinsame Normdatei
Bundesamt für Lebensmittelsicherheit und Veterinärwesen,Library of Congress Control Number
Kolonie,Gemeinsame Normdatei
Kolonie,Library of Congress Control Number
Weltbienentag,Honig
Weltbienentag,Honigbienen
Weltbienentag,Imker
Weltbienentag,Slowenien
Körbchensammler,Apinae
Körbchensammler,Apoidea
Körbchensammler,Digital Object Identifier
Körbchensammler,Familie (Biologie)
Körbchensammler,Honig
Körbchensammler,Honigbienen
Körbchensammler,Hummeln
Körbchensammler,Nomenklatur (Biologie)
Körbchensammler,Ordnung (Biologie)
Körbchensammler,Pollen
Körbchensammler,Prachtbienen
Körbchensammler,Solitär (Zoologie)
Körbchensammler,Stachellose Bienen
Körbchensammler,Stechimmen
Körbchensammler,Systematik (Biologie)
Grabwespen,Apoidea
Grabwespen,Bernstein
Grabwespen,Crabronidae
Grabwespen,Denis Brothers
Grabwespen,Familie (Biologie)
Grabwespen,Gemeinsame Normdatei
Grabwespen,Hautflügler
Grabwespen,Insekten
Grabwespen,Klasse (Biologie)
Grabwespen,Mauerbienen
Grabwespen,Nektar (Botanik)
Grabwespen,Nomenklatur (Biologie)
Grabwespen,Ordnung (Biologie)
Grabwespen,Paraphyletisch
Grabwespen,Pollen
Grabwespen,Schlupfwespen
Grabwespen,Stechimmen
Grabwespen,Systematik (Biologie)
Grabwespen,Taillenwespen
Volksbegehren (Deutschland),Deutschland
Volksbegehren (Deutschland),Gemeinsame Normdatei
Volksbegehren (Deutschland),Internet Archive
Volksbegehren (Deutschland),Volksbegehren „Artenvielfalt & Naturschönheit in Bayern“
Volksbegehren (Deutschland),Volksinitiative (Deutschland)
Volksbegehren (Deutschland),Web-Archivierung
Insektensterben,Aktionsprogramm Insektenschutz
Insektensterben,Art (Biologie)
Insektensterben,Bestäuber
Insektensterben,Bienensterben
Insektensterben,Digital Object Identifier
Insektensterben,Familie (Biologie)
Insektensterben,Gemeinsame Normdatei
Insektensterben,Hummeln
Insektensterben,Insekten
Insektensterben,Internationale Standardnummer für fortlaufende Sammelwerke
Insektensterben,Internet Archive
Insektensterben,Web-Archivierung
Insektensterben,Wirbellose
Insektensterben,Ökologie
Insektensterben,Benutzer:InternetArchiveBot/Anleitung/Archivlink
Anthophora,Apidae
Anthophora,Apoidea
Anthophora,Digital Object Identifier
Anthophora,Familie (Biologie)
Anthophora,Fleckenbienen
Anthophora,Kegelbienen
Anthophora,Nomenklatur (Biologie)
Anthophora,Ordnung (Biologie)
Anthophora,Stechimmen
Anthophora,Systematik (Biologie)
Anthophora,Taillenwespen
Anthophora,Trauerbienen
Anthophora,Westliche Honigbiene
Anthophoridae,Apidae
Anthophoridae,Hautflügler
Anthophoridae,Holzbienen
Anthophoridae,Paraphyletisch
Anthophoridae,Systematik (Biologie)
Charles Duncan Michener,Gemeinsame Normdatei
Charles Duncan Michener,Halictidae
Charles Duncan Michener,Library of Congress Control Number
Charles Duncan Michener,New York City
Schenkelbienen,Apoidea
Schenkelbienen,Digital Object Identifier
Schenkelbienen,Familie (Biologie)
Schenkelbienen,Halictus
Schenkelbienen,Lasioglossum
Schenkelbienen,Melittidae
Schenkelbienen,Nomenklatur (Biologie)
Schenkelbienen,Ordnung (Biologie)
Schenkelbienen,Stechimmen
Schenkelbienen,Systematik (Biologie)
Schenkelbienen,Taillenwespen
Patagonien,Gemeinsame Normdatei
Patagonien,Hochgebirge
Patagonien,Kühlgemäßigte Klimazone
Patagonien,Seeklima
Honig,Bedecktsamer
Honig,Bienentrachtpflanze
Honig,Deutschland
Honig,Digital Object Identifier
Honig,Gemeine Fichte
Honig,Gemeinsame Normdatei
Honig,Honig
Honig,Honigbienen
Honig,Hummeln
Honig,Imker
Honig,Insekten
Honig,Internationale Standardnummer für fortlaufende Sammelwerke
Honig,Internet Archive
Honig,Körbchensammler
Honig,Library of Congress Control Number
Honig,Nektar (Botanik)
Honig,Pollen
Honig,Protein
Honig,Web-Archivierung
Honig,Westliche Honigbiene
Honig,Benutzer:InternetArchiveBot/Anleitung/Archivlink
Colletidae,Apoidea
Colletidae,Familie (Biologie)
Colletidae,Grabwespen
Colletidae,Hautflügler
Colletidae,Kropfsammler
Colletidae,Maskenbienen
Colletidae,Monophyletisch
Colletidae,Nektar (Botanik)
Colletidae,Nomenklatur (Biologie)
Colletidae,Ordnung (Biologie)
Colletidae,Pollen
Colletidae,Seidenbienen
Colletidae,Solitärbienen
Colletidae,Stechimmen
Colletidae,Systematik (Biologie)
Colletidae,Taillenwespen
Antarktika,Antarktika
Antarktika,Arktis
Antarktika,Digital Object Identifier
Antarktika,Gemeinsame Normdatei
Antarktika,Gondwana
Antarktika,Internet Archive
Antarktika,Patagonien
Antarktika,Tropen
Antarktika,Web-Archivierung
Kegelbienen,Apoidea
Kegelbienen,Drohn
Kegelbienen,Familie (Biologie)
Kegelbienen,Internet Archive
Kegelbienen,Kuckucksbienen
Kegelbienen,Megachile
Kegelbienen,Megachilidae
Kegelbienen,Nomenklatur (Biologie)
Kegelbienen,Ordnung (Biologie)
Kegelbienen,Osmia
Kegelbienen,Stechimmen
Kegelbienen,Systematik (Biologie)
Kegelbienen,Taillenwespen
Kegelbienen,Web-Archivierung
Kegelbienen,Wildbiene
Solitär (Zoologie),Hautflügler
Tetralonia,Apoidea
Tetralonia,Digital Object Identifier
Tetralonia,Eucera
Tetralonia,Familie (Biologie)
Tetralonia,Nomenklatur (Biologie)
Tetralonia,Ordnung (Biologie)
Tetralonia,Stechimmen
Tetralonia,Systematik (Biologie)
Deutschland,Art (Biologie)
Deutschland,Artenvielfalt
Deutschland,Deutschland
Deutschland,Digital Object Identifier
Deutschland,Gemeine Fichte
Deutschland,Gemeinsame Normdatei
Deutschland,Hochgebirge
Deutschland,Internationale Standardnummer für fortlaufende Sammelwerke
Deutschland,Internet Archive
Deutschland,Kaltgemäßigte Klimazone
Deutschland,Kontinentalklima
Deutschland,Kühlgemäßigte Klimazone
Deutschland,Library of Congress Control Number
Deutschland,Naher Osten
Deutschland,Seeklima
Deutschland,Slowenien
Deutschland,Web-Archivierung
Bienen (Begriffsklärung),Biene (Begriffsklärung)
Bienen (Begriffsklärung),Honigbienen
Gemeinsame Normdatei,Digital Object Identifier
Gemeinsame Normdatei,Internationale Standardnummer für fortlaufende Sammelwerke
Gemeinsame Normdatei,Internet Archive
Gemeinsame Normdatei,Web-Archivierung
Generalversammlung der Vereinten Nationen,Deutschland
Generalversammlung der Vereinten Nationen,Gemeinsame Normdatei
Generalversammlung der Vereinten Nationen,Library of Congress Control Number
Generalversammlung der Vereinten Nationen,New York City
Insektenstich,Digital Object Identifier
Insektenstich,Giftstachel
Insektenstich,Hautflügler
Insektenstich,Honigbienen
Insektenstich,Hummeln
Insektenstich,Insekten
Insektenstich,Internationale Standardnummer für fortlaufende Sammelwerke
Honigbienen,Apinae
Honigbienen,Apoidea
Honigbienen,Art (Biologie)
Honigbienen,Familie (Biologie)
Honigbienen,Gemeinsame Normdatei
Honigbienen,Guido Fackler
Honigbienen,Honig
Honigbienen,Hummeln
Honigbienen,Internationale Standardnummer für fortlaufende Sammelwerke
Honigbienen,Jürgen Tautz
Honigbienen,Körbchensammler
Honigbienen,Library of Congress Control Number
Honigbienen,Michael S. Engel
Honigbienen,Michaela Fenske
Honigbienen,Monophyletisch
Honigbienen,Naher Osten
Honigbienen,Nomenklatur (Biologie)
Honigbienen,Ordnung (Biologie)
Honigbienen,Prachtbienen
Honigbienen,Staat (Biologie)
Honigbienen,Stachellose Bienen
Honigbienen,Stechimmen
Honigbienen,Systematik (Biologie)
Honigbienen,Thomas Dyer Seeley
Honigbienen,Tribus (Biologie)
Honigbienen,Westliche Honigbiene
Apoidea,Andrenidae
Apoidea,Apidae
Apoidea,Bedecktsamer
Apoidea,Colletidae
Apoidea,Crabronidae
Apoidea,Digital Object Identifier
Apoidea,Familie (Biologie)
Apoidea,Grabwespen
Apoidea,Halictidae
Apoidea,Hautflügler
Apoidea,Imker
Apoidea,Insekten
Apoidea,Internationale Standardnummer für fortlaufende Sammelwerke
Apoidea,Klasse (Biologie)
Apoidea,Megachilidae
Apoidea,Melittidae
Apoidea,Nomenklatur (Biologie)
Apoidea,Ordnung (Biologie)
Apoidea,Stechimmen
Apoidea,Stenotritidae
Apoidea,Systematik (Biologie)
Apoidea,Taillenwespen
Arktis,Gemeinsame Normdatei
Arktis,Hummeln
Arktis,Insekten
Arktis,Internet Archive
Arktis,Web-Archivierung
Arktis,Ökologie
Arktis,Benutzer:InternetArchiveBot/Anleitung/Archivlink
Giftstachel,Digital Object Identifier
Giftstachel,Drohn
Giftstachel,Hautflügler
Giftstachel,Stechimmen
Bienentrachtpflanze,Honig
Bienentrachtpflanze,Honigbienen
Bienentrachtpflanze,Imker
Bienentrachtpflanze,Internet Archive
Bienentrachtpflanze,Nektar (Botanik)
Bienentrachtpflanze,Pollen
Bienentrachtpflanze,Web-Archivierung
Furchenbienen,Halictus
Furchenbienen,Lasioglossum
Westliche Honigbiene,Apinae
Westliche Honigbiene,Apoidea
Westliche Honigbiene,Art (Biologie)
Westliche Honigbiene,Bienenkönigin
Westliche Honigbiene,Colony Collapse Disorder
Westliche Honigbiene,Deutschland
Westliche Honigbiene,Digital Object Identifier
Westliche Honigbiene,Drohn
Westliche Honigbiene,Familie (Biologie)
Westliche Honigbiene,Giftstachel
Westliche Honigbiene,Guido Fackler
Westliche Honigbiene,Honig
Westliche Honigbiene,Honigbienen
Westliche Honigbiene,Hummeln
Westliche Honigbiene,Imker
Westliche Honigbiene,Insekten
Westliche Honigbiene,Internationale Standardnummer für fortlaufende Sammelwerke
Westliche Honigbiene,Internet Archive
Westliche Honigbiene,Jürgen Tautz
Westliche Honigbiene,Matthias Eckoldt
Westliche Honigbiene,Michaela Fenske
Westliche Honigbiene,Nektar (Botanik)
Westliche Honigbiene,Nomenklatur (Biologie)
Westliche Honigbiene,Pflanzen
Westliche Honigbiene,Pollen
Westliche Honigbiene,Protein
Westliche Honigbiene,Randolf Menzel
Westliche Honigbiene,Staat (Biologie)
Westliche Honigbiene,Systematik (Biologie)
Westliche Honigbiene,Thomas Dyer Seeley
Westliche Honigbiene,Web-Archivierung
Westliche Honigbiene,Wildbiene
Westliche Honigbiene,Benutzer:InternetArchiveBot/Anleitung/Archivlink
Hannes F. Paulus,Gemeinsame Normdatei
Hannes F. Paulus,Internet Archive
Hannes F. Paulus,Library of Congress Control Number
Hannes F. Paulus,Web-Archivierung
Osmia,Apoidea
Osmia,Digital Object Identifier
Osmia,Familie (Biologie)
Osmia,Hoplitis
Osmia,Internationale Standardnummer für fortlaufende Sammelwerke
Osmia,Mauerbienen
Osmia,Megachilidae
Osmia,Nomenklatur (Biologie)
Osmia,Ordnung (Biologie)
Osmia,Rote Mauerbiene
Osmia,Stechimmen
Osmia,Systematik (Biologie)
Gemeine Pelzbiene,Anthophora
Gemeine Pelzbiene,Apoidea
Gemeine Pelzbiene,Art (Biologie)
Gemeine Pelzbiene,Familie (Biologie)
Gemeine Pelzbiene,Nomenklatur (Biologie)
Gemeine Pelzbiene,Ordnung (Biologie)
Gemeine Pelzbiene,Solitär (Zoologie)
Gemeine Pelzbiene,Stechimmen
Gemeine Pelzbiene,Systematik (Biologie)
Schlürfbienen,Apoidea
Schlürfbienen,Bienentrachtpflanze
Schlürfbienen,Drohn
Schlürfbienen,Familie (Biologie)
Schlürfbienen,Furchenbienen
Schlürfbienen,Glanzbienen
Schlürfbienen,Halictidae
Schlürfbienen,Kraftbienen
Schlürfbienen,Nomenklatur (Biologie)
Schlürfbienen,Ordnung (Biologie)
Schlürfbienen,Stechimmen
Schlürfbienen,Systematik (Biologie)
Sägehornbienen,Apoidea
Sägehornbienen,Familie (Biologie)
Sägehornbienen,Melittidae
Sägehornbienen,Nomenklatur (Biologie)
Sägehornbienen,Ordnung (Biologie)
Sägehornbienen,Sandbienen
Sägehornbienen,Stechimmen
Sägehornbienen,Systematik (Biologie)
Sägehornbienen,Taillenwespen
Bewachung,Gemeinsame Normdatei
Brutpflege,Brut
Brutpflege,Gemeinsame Normdatei
Brutpflege,Insekten
Brutpflege,Staat (Biologie)
Brutpflege,Tribus (Biologie)
Digital Object Identifier,Gemeinsame Normdatei
Digital Object Identifier,Internet Archive
Digital Object Identifier,Web-Archivierung
New Jersey,Gemeinsame Normdatei
New Jersey,Internet Archive
New Jersey,Kolonie
New Jersey,Library of Congress Control Number
New Jersey,New Jersey
New Jersey,New York City
New Jersey,Web-Archivierung
New Jersey,Benutzer:InternetArchiveBot/Anleitung/Archivlink
Zelle (Biologie),Arbeitsteilung
Zelle (Biologie),Art (Biologie)
Zelle (Biologie),Gemeinsame Normdatei
Zelle (Biologie),Internationale Standardnummer für fortlaufende Sammelwerke
Zelle (Biologie),Internet Archive
Zelle (Biologie),Library of Congress Control Number
Zelle (Biologie),Pflanzen
Zelle (Biologie),Protein
Zelle (Biologie),Spezialisierung
Zelle (Biologie),Web-Archivierung
Basilikum,Art (Biologie)
Basilikum,Familie (Biologie)
Basilikum,Gemeinsame Normdatei
Basilikum,Internet Archive
Basilikum,Nomenklatur (Biologie)
Basilikum,Ordnung (Biologie)
Basilikum,Protein
Basilikum,Systematik (Biologie)
Basilikum,Tribus (Biologie)
Basilikum,Web-Archivierung
Basilikum,Benutzer:InternetArchiveBot/Anleitung/Archivlink
Arbeitsteilung,Brutpflege
Arbeitsteilung,Gemeinsame Normdatei
Arbeitsteilung,Internet Archive
Arbeitsteilung,Spezialisierung
Arbeitsteilung,Staat (Biologie)
Arbeitsteilung,Web-Archivierung
Blutbienen,Apoidea
Blutbienen,Familie (Biologie)
Blutbienen,Halictidae
Blutbienen,Halictus
Blutbienen,Internet Archive
Blutbienen,Kuckucksbienen
Blutbienen,Lasioglossum
Blutbienen,Nomenklatur (Biologie)
Blutbienen,Ordnung (Biologie)
Blutbienen,Stechimmen
Blutbienen,Systematik (Biologie)
Blutbienen,Taillenwespen
Blutbienen,Web-Archivierung
Seeklima,Kontinentalklima
Seeklima,New York City
Seeklima,Patagonien
Seeklima,Tropen
Kühlgemäßigte Klimazone,Art (Biologie)
Kühlgemäßigte Klimazone,Artenvielfalt
Kühlgemäßigte Klimazone,Baum
Kühlgemäßigte Klimazone,Evolution
Kühlgemäßigte Klimazone,Internationale Standardnummer für fortlaufende Sammelwerke
Kühlgemäßigte Klimazone,Kaltgemäßigte Klimazone
Kühlgemäßigte Klimazone,Kontinentalklima
Kühlgemäßigte Klimazone,Ostasien
Kühlgemäßigte Klimazone,Patagonien
Kühlgemäßigte Klimazone,Seeklima
Kühlgemäßigte Klimazone,Sommergrüner Laubwald
Kühlgemäßigte Klimazone,Steppe
Kühlgemäßigte Klimazone,Subtropen
Kühlgemäßigte Klimazone,Trockengebiet
Kühlgemäßigte Klimazone,Tropen
Kühlgemäßigte Klimazone,Wirbellose
Kühlgemäßigte Klimazone,Zentralasien
Greenpeace,Deutschland
Greenpeace,Digital Object Identifier
Greenpeace,Gemeinsame Normdatei
Greenpeace,Internationale Standardnummer für fortlaufende Sammelwerke
Greenpeace,Internet Archive
Greenpeace,Library of Congress Control Number
Greenpeace,Web-Archivierung
Greenpeace,Benutzer:InternetArchiveBot/Anleitung/Archivlink
Melipona,Apoidea
Melipona,Digital Object Identifier
Melipona,Familie (Biologie)
Melipona,Internet Archive
Melipona,Nomenklatur (Biologie)
Melipona,Ordnung (Biologie)
Melipona,Stachellose Bienen
Melipona,Stechimmen
Melipona,Systematik (Biologie)
Melipona,Tribus (Biologie)
Melipona,Trigona (Gattung)
Melipona,Web-Archivierung
Guido Fackler,Gemeinsame Normdatei
Guido Fackler,Internationale Standardnummer für fortlaufende Sammelwerke
Guido Fackler,Library of Congress Control Number
Guido Fackler,Michaela Fenske
Apinae,Apidae
Apinae,Apoidea
Apinae,Digital Object Identifier
Apinae,Familie (Biologie)
Apinae,Honigbienen
Apinae,Hummeln
Apinae,Körbchensammler
Apinae,Nomenklatur (Biologie)
Apinae,Ordnung (Biologie)
Apinae,Pollen
Apinae,Prachtbienen
Apinae,Stechimmen
Apinae,Systematik (Biologie)
Apinae,Taillenwespen
Apinae,Tribus (Biologie)
Spiralhornbienen,Apoidea
Spiralhornbienen,Familie (Biologie)
Spiralhornbienen,Halictidae
Spiralhornbienen,Kraftbienen
Spiralhornbienen,Nomenklatur (Biologie)
Spiralhornbienen,Ordnung (Biologie)
Spiralhornbienen,Stechimmen
Spiralhornbienen,Systematik (Biologie)
Spiralhornbienen,Taillenwespen
Lars Chittka,Gemeinsame Normdatei
Lars Chittka,Hummeln
Lars Chittka,Jürgen Tautz
Lars Chittka,Library of Congress Control Number
Lars Chittka,Randolf Menzel
Slowenien,Deutschland
Slowenien,Gemeinsame Normdatei
Slowenien,Hochgebirge
Slowenien,Internet Archive
Slowenien,Kontinentalklima
Slowenien,Library of Congress Control Number
Slowenien,Slowenien
Slowenien,Web-Archivierung
Slowenien,Benutzer:InternetArchiveBot/Anleitung/Archivlink
Rote Mauerbiene,Apoidea
Rote Mauerbiene,Art (Biologie)
Rote Mauerbiene,Digital Object Identifier
Rote Mauerbiene,Familie (Biologie)
Rote Mauerbiene,Gemeine Pelzbiene
Rote Mauerbiene,Hummeln
Rote Mauerbiene,Insekten
Rote Mauerbiene,Mauerbienen
Rote Mauerbiene,Nomenklatur (Biologie)
Rote Mauerbiene,Ordnung (Biologie)
Rote Mauerbiene,Osmia
Rote Mauerbiene,Paul Westrich
Rote Mauerbiene,Stechimmen
Rote Mauerbiene,Systematik (Biologie)
Okavangodelta,Digital Object Identifier
Okavangodelta,Internationale Standardnummer für fortlaufende Sammelwerke
Okavangodelta,Internet Archive
Okavangodelta,Web-Archivierung
Okavangodelta,Benutzer:InternetArchiveBot/Anleitung/Archivlink
Gemeinschaft,Arbeitsteilung
Gemeinschaft,Gemeinsame Normdatei
Spezialisierung,Arbeitsteilung
Spezialisierung,Art (Biologie)
Spezialisierung,Aussterben
Spezialisierung,Evolution
Spezialisierung,Gemeinsame Normdatei
Andrenidae,Apidae
Andrenidae,Apoidea
Andrenidae,Colletidae
Andrenidae,Familie (Biologie)
Andrenidae,Grabwespen
Andrenidae,Halictidae
Andrenidae,Hannes F. Paulus
Andrenidae,Hautflügler
Andrenidae,Megachilidae
Andrenidae,Melittidae
Andrenidae,Melitturga
Andrenidae,Nomenklatur (Biologie)
Andrenidae,Ordnung (Biologie)
Andrenidae,Panurginus
Andrenidae,Stechimmen
Andrenidae,Stenotritidae
Andrenidae,Systematik (Biologie)
Andrenidae,Taillenwespen
Protein,Digital Object Identifier
Protein,Evolution
Protein,Gemeinsame Normdatei
Protein,Internationale Standardnummer für fortlaufende Sammelwerke
Protein,Internet Archive
Protein,Web-Archivierung
Protein,Zelle (Biologie)
Evolution,Digital Object Identifier
Evolution,Faltenwespen
Evolution,Fortpflanzung
Evolution,Gemeinsame Normdatei
Evolution,Internet Archive
Evolution,Library of Congress Control Number
Evolution,Pflanzen
Evolution,Systematik (Biologie)
Evolution,Web-Archivierung
Nomenklatur (Biologie),Art (Biologie)
Nomenklatur (Biologie),Digital Object Identifier
Nomenklatur (Biologie),Familie (Biologie)
Nomenklatur (Biologie),Gemeinsame Normdatei
Nomenklatur (Biologie),Internationale Standardnummer für fortlaufende Sammelwerke
Nomenklatur (Biologie),Klasse (Biologie)
Nomenklatur (Biologie),Library of Congress Control Number
Nomenklatur (Biologie),Ordnung (Biologie)
Nomenklatur (Biologie),Pflanzen
Nomenklatur (Biologie),Systematik (Biologie)
Nomenklatur (Biologie),Tribus (Biologie)
Hochgebirge,Antarktika
Hochgebirge,Gemeinsame Normdatei
Hochgebirge,Internationale Standardnummer für fortlaufende Sammelwerke
Hochgebirge,Internet Archive
Hochgebirge,Web-Archivierung
Hochgebirge,Ökologie
Hochgebirge,Benutzer:InternetArchiveBot/Anleitung/Archivlink
Triepeolus,Apidae
Triepeolus,Apoidea
Triepeolus,Familie (Biologie)
Triepeolus,Nomenklatur (Biologie)
Triepeolus,Ordnung (Biologie)
Triepeolus,Stechimmen
Triepeolus,Systematik (Biologie)
Triepeolus,Tribus (Biologie)
Hautflügler,Apoidea
Hautflügler,Art (Biologie)
Hautflügler,Digital Object Identifier
Hautflügler,Faltenwespen
Hautflügler,Familie (Biologie)
Hautflügler,Gemeinsame Normdatei
Hautflügler,Homoiothermie
Hautflügler,Hummeln
Hautflügler,Insekten
Hautflügler,Insektenstich
Hautflügler,Klasse (Biologie)
Hautflügler,Legimmen
Hautflügler,Nomenklatur (Biologie)
Hautflügler,Ordnung (Biologie)
Hautflügler,Pflanzenwespen
Hautflügler,Prachtbienen
Hautflügler,Staat (Biologie)
Hautflügler,Stechimmen
Hautflügler,Systematik (Biologie)
Hautflügler,Taillenwespen
Hautflügler,Wehrstachel
Hautflügler,Westliche Honigbiene
Sozialparasitismus,Art (Biologie)
Sozialparasitismus,Digital Object Identifier
Sozialparasitismus,Hautflügler
Sozialparasitismus,Hummeln
Sozialparasitismus,Internationale Standardnummer für fortlaufende Sammelwerke
Sozialparasitismus,Internet Archive
Sozialparasitismus,Ordnung (Biologie)
Sozialparasitismus,Tropen
Sozialparasitismus,Web-Archivierung
Volksbegehren „Artenvielfalt & Naturschönheit in Bayern“,Artenvielfalt
Volksbegehren „Artenvielfalt & Naturschönheit in Bayern“,Aussterben
Volksbegehren „Artenvielfalt & Naturschönheit in Bayern“,Imker
Volksbegehren „Artenvielfalt & Naturschönheit in Bayern“,Insektensterben
Volksbegehren „Artenvielfalt & Naturschönheit in Bayern“,Volksbegehren (Deutschland)
Fleckenbienen,Anthophora
Fleckenbienen,Apoidea
Fleckenbienen,Brutschmarotzer
Fleckenbienen,Familie (Biologie)
Fleckenbienen,Kuckucksbienen
Fleckenbienen,Nomenklatur (Biologie)
Fleckenbienen,Ordnung (Biologie)
Fleckenbienen,Stechimmen
Fleckenbienen,Systematik (Biologie)
Fleckenbienen,Taillenwespen
Fleckenbienen,Trauerbienen
Fortpflanzung,Gemeinsame Normdatei
Fortpflanzung,Library of Congress Control Number
Fortpflanzung,Protein
Gefäßsporenpflanzen,Internationale Standardnummer für fortlaufende Sammelwerke
Gefäßsporenpflanzen,Systematik (Biologie)
Klasse (Biologie),Art (Biologie)
Klasse (Biologie),Familie (Biologie)
Klasse (Biologie),Gemeinsame Normdatei
Klasse (Biologie),Insekten
Klasse (Biologie),Klasse (Biologie)
Klasse (Biologie),Monophyletisch
Klasse (Biologie),Ordnung (Biologie)
Klasse (Biologie),Systematik (Biologie)
Trauerbienen,Anthophora
Trauerbienen,Apidae
Trauerbienen,Apoidea
Trauerbienen,Familie (Biologie)
Trauerbienen,Fleckenbienen
Trauerbienen,Kuckucksbienen
Trauerbienen,Nomenklatur (Biologie)
Trauerbienen,Ordnung (Biologie)
Trauerbienen,Stechimmen
Trauerbienen,Systematik (Biologie)
Trauerbienen,Taillenwespen
Faltenwespen,Art (Biologie)
Faltenwespen,Brut
Faltenwespen,Familie (Biologie)
Faltenwespen,Gemeinsame Normdatei
Faltenwespen,Hautflügler
Faltenwespen,Insekten
Faltenwespen,Klasse (Biologie)
Faltenwespen,Nomenklatur (Biologie)
Faltenwespen,Ordnung (Biologie)
Faltenwespen,Staat (Biologie)
Faltenwespen,Stechimmen
Faltenwespen,Systematik (Biologie)
Faltenwespen,Taillenwespen
Steppe,Baum
Steppe,Gemeinsame Normdatei
Steppe,Hochgebirge
Steppe,Internationale Standardnummer für fortlaufende Sammelwerke
Steppe,Internet Archive
Steppe,Kontinentalklima
Steppe,Library of Congress Control Number
Steppe,Patagonien
Steppe,Sommergrüner Laubwald
Steppe,Subtropen
Steppe,Tropen
Steppe,Web-Archivierung
Steppe,Benutzer:InternetArchiveBot/Anleitung/Archivlink
Subtropen,Artenvielfalt
Subtropen,Baum
Subtropen,Evolution
Subtropen,Gemeinsame Normdatei
Subtropen,Hochgebirge
Subtropen,Internationale Standardnummer für fortlaufende Sammelwerke
Subtropen,Internet Archive
Subtropen,Kaltgemäßigte Klimazone
Subtropen,Kontinentalklima
Subtropen,Kühlgemäßigte Klimazone
Subtropen,Naher Osten
Subtropen,Ostasien
Subtropen,Sahara
Subtropen,Steppe
Subtropen,Trockengebiet
Subtropen,Tropen
Subtropen,Web-Archivierung
Subtropen,Wirbellose
Subtropen,Zentralasien
Subtropen,Benutzer:InternetArchiveBot/Anleitung/Archivlink
Matthias Eckoldt,Gemeinsame Normdatei
Matthias Eckoldt,Internet Archive
Matthias Eckoldt,Library of Congress Control Number
Matthias Eckoldt,Randolf Menzel
Matthias Eckoldt,Web-Archivierung
Tribus (Biologie),Systematik (Biologie)
Thomas Dyer Seeley,Gemeinsame Normdatei
Thomas Dyer Seeley,Imker
Thomas Dyer Seeley,Library of Congress Control Number
Thomas Dyer Seeley,Westliche Honigbiene
Schmuckbienen,Apidae
Schmuckbienen,Apinae
Schmuckbienen,Apoidea
Schmuckbienen,Brutschmarotzer
Schmuckbienen,Familie (Biologie)
Schmuckbienen,Kuckucksbienen
Schmuckbienen,Nomenklatur (Biologie)
Schmuckbienen,Ordnung (Biologie)
Schmuckbienen,Schenkelbienen
Schmuckbienen,Stechimmen
Schmuckbienen,Systematik (Biologie)
Schmuckbienen,Taillenwespen
Schmuckbienen,Tribus (Biologie)
Michael S. Engel,Digital Object Identifier
Michael S. Engel,Gemeinsame Normdatei
Michael S. Engel,Internationale Standardnummer für fortlaufende Sammelwerke
Michael S. Engel,Internet Archive
Michael S. Engel,Library of Congress Control Number
Michael S. Engel,Web-Archivierung
Naher Osten,Gemeinsame Normdatei
Naher Osten,Internet Archive
Naher Osten,Web-Archivierung
Naher Osten,Zentralasien
Naher Osten,Benutzer:InternetArchiveBot/Anleitung/Archivlink
Art (Biologie),Art (Biologie)
Art (Biologie),Artenvielfalt
Art (Biologie),Digital Object Identifier
Art (Biologie),Evolution
Art (Biologie),Familie (Biologie)
Art (Biologie),Insekten
Art (Biologie),Internationale Standardnummer für fortlaufende Sammelwerke
Art (Biologie),Internet Archive
Art (Biologie),Klasse (Biologie)
Art (Biologie),Nomenklatur (Biologie)
Art (Biologie),Ordnung (Biologie)
Art (Biologie),Systematik (Biologie)
Art (Biologie),Web-Archivierung
Art (Biologie),Benutzer:InternetArchiveBot/Anleitung/Archivlink
Kuckuckshummeln,Apinae
Kuckuckshummeln,Apoidea
Kuckuckshummeln,Digital Object Identifier
Kuckuckshummeln,Drohn
Kuckuckshummeln,Familie (Biologie)
Kuckuckshummeln,Hummeln
Kuckuckshummeln,Monophyletisch
Kuckuckshummeln,Nomenklatur (Biologie)
Kuckuckshummeln,Paraphyletisch
Kuckuckshummeln,Pollen
Kuckuckshummeln,Sozialparasitismus
Kuckuckshummeln,Systematik (Biologie)
Jürgen Tautz,Gemeinsame Normdatei
Jürgen Tautz,Library of Congress Control Number
Jürgen Tautz,Randolf Menzel
Ordnung (Biologie),Art (Biologie)
Ordnung (Biologie),Familie (Biologie)
Ordnung (Biologie),Gemeinsame Normdatei
Ordnung (Biologie),Klasse (Biologie)
Ordnung (Biologie),Ordnung (Biologie)
Ordnung (Biologie),Systematik (Biologie)
Große Wollbiene,Apoidea
Große Wollbiene,Art (Biologie)
Große Wollbiene,Deutschland
Große Wollbiene,Familie (Biologie)
Große Wollbiene,Honigbienen
Große Wollbiene,Hummeln
Große Wollbiene,Megachilidae
Große Wollbiene,Nektar (Botanik)
Große Wollbiene,Nomenklatur (Biologie)
Große Wollbiene,Ordnung (Biologie)
Große Wollbiene,Pollen
Große Wollbiene,Solitärbienen
Große Wollbiene,Stechimmen
Große Wollbiene,Systematik (Biologie)
Bedecktsamer,Digital Object Identifier
Bedecktsamer,Gemeinsame Normdatei
Bedecktsamer,Insekten
Bedecktsamer,Klasse (Biologie)
Bedecktsamer,Nomenklatur (Biologie)
Bedecktsamer,Pflanzen
Bedecktsamer,Pollen
Bedecktsamer,Systematik (Biologie)
Glanzbienen,Apoidea
Glanzbienen,Bienentrachtpflanze
Glanzbienen,Drohn
Glanzbienen,Familie (Biologie)
Glanzbienen,Halictidae
Glanzbienen,Kraftbienen
Glanzbienen,Lasioglossum
Glanzbienen,Nomenklatur (Biologie)
Glanzbienen,Ordnung (Biologie)
Glanzbienen,Pollen
Glanzbienen,Stechimmen
Glanzbienen,Systematik (Biologie)
Imker,Bienenkönigin
Imker,Drohn
Imker,Gemeinsame Normdatei
Imker,Honig
Imker,Honigbienen
Imker,Internationale Standardnummer für fortlaufende Sammelwerke
Imker,Internet Archive
Imker,Library of Congress Control Number
Imker,New York City
Imker,Pollen
Imker,Slowenien
Imker,Stachellose Bienen
Imker,Web-Archivierung
Imker,Westliche Honigbiene
Friedrich von Oppeln-Bronikowski,Gemeinsame Normdatei
Friedrich von Oppeln-Bronikowski,Library of Congress Control Number
Friedrich von Oppeln-Bronikowski,Maurice Maeterlinck
Zottelbienen,Andrenidae
Zottelbienen,Apoidea
Zottelbienen,Buntbienen
Zottelbienen,Familie (Biologie)
Zottelbienen,Nomenklatur (Biologie)
Zottelbienen,Ordnung (Biologie)
Zottelbienen,Paul Westrich
Zottelbienen,Stechimmen
Zottelbienen,Systematik (Biologie)
Zottelbienen,Taillenwespen
Sonnenhüte (Echinacea),Digital Object Identifier
Sonnenhüte (Echinacea),Familie (Biologie)
Sonnenhüte (Echinacea),Nomenklatur (Biologie)
Sonnenhüte (Echinacea),Ordnung (Biologie)
Sonnenhüte (Echinacea),Systematik (Biologie)
Sonnenhüte (Echinacea),Tribus (Biologie)
Sonnenhüte (Echinacea),Web-Archivierung
Halictidae,Andrenidae
Halictidae,Apoidea
Halictidae,Blutbienen
Halictidae,Colletidae
Halictidae,Familie (Biologie)
Halictidae,Glanzbienen
Halictidae,Graubienen
Halictidae,Halictus
Halictidae,Hautflügler
Halictidae,Honigbienen
Halictidae,Kuckucksbienen
Halictidae,Lasioglossum
Halictidae,Nomenklatur (Biologie)
Halictidae,Ordnung (Biologie)
Halictidae,Schlürfbienen
Halictidae,Spiralhornbienen
Halictidae,Staat (Biologie)
Halictidae,Stechimmen
Halictidae,Systematik (Biologie)
Halictidae,Taillenwespen
Eucera,Apidae
Eucera,Apoidea
Eucera,Digital Object Identifier
Eucera,Familie (Biologie)
Eucera,Hautflügler
Eucera,Internationale Standardnummer für fortlaufende Sammelwerke
Eucera,Kegelbienen
Eucera,Kuckucksbienen
Eucera,Nomenklatur (Biologie)
Eucera,Ordnung (Biologie)
Eucera,Systematik (Biologie)
Eucera,Tetralonia
Trigona (Gattung),Apoidea
Trigona (Gattung),Charles Duncan Michener
Trigona (Gattung),Digital Object Identifier
Trigona (Gattung),Familie (Biologie)
Trigona (Gattung),Körbchensammler
Trigona (Gattung),Nomenklatur (Biologie)
Trigona (Gattung),Ordnung (Biologie)
Trigona (Gattung),Stachellose Bienen
Trigona (Gattung),Stechimmen
Trigona (Gattung),Systematik (Biologie)
Trigona (Gattung),Tribus (Biologie)
Holzbienen,Apoidea
Holzbienen,Digital Object Identifier
Holzbienen,Familie (Biologie)
Holzbienen,Halictus
Holzbienen,Lasioglossum
Holzbienen,Nektar (Botanik)
Holzbienen,Nomenklatur (Biologie)
Holzbienen,Ordnung (Biologie)
Holzbienen,Stechimmen
Holzbienen,Subtropen
Holzbienen,Systematik (Biologie)
Holzbienen,Taillenwespen
Holzbienen,Tropen
Sahara,Deutschland
Sahara,Digital Object Identifier
Sahara,Gemeinsame Normdatei
Sahara,Hochgebirge
Sahara,Internationale Standardnummer für fortlaufende Sammelwerke
Sahara,Internet Archive
Sahara,Tropen
Sahara,Web-Archivierung
Sahara,Benutzer:InternetArchiveBot/Anleitung/Archivlink
Halictus,Apoidea
Halictus,Familie (Biologie)
Halictus,Halictidae
Halictus,Lasioglossum
Halictus,Nektar (Botanik)
Halictus,Nomenklatur (Biologie)
Halictus,Ordnung (Biologie)
Halictus,Pollen
Halictus,Solitär (Zoologie)
Halictus,Stechimmen
Halictus,Systematik (Biologie)
Halictus,Taillenwespen
Michaela Fenske,Deutschland
Michaela Fenske,Gemeinsame Normdatei
Michaela Fenske,Guido Fackler
Michaela Fenske,Internationale Standardnummer für fortlaufende Sammelwerke
Michaela Fenske,Library of Congress Control Number
Mauerbienen,Familie (Biologie)
Mauerbienen,Hoplitis
Mauerbienen,Kuckucksbienen
Mauerbienen,Megachilidae
Mauerbienen,Nektar (Botanik)
Mauerbienen,Osmia
Mauerbienen,Rote Mauerbiene
Mauerbienen,Sandbienen
Mauerbienen,Wildbiene
Anthidium,Apoidea
Anthidium,Familie (Biologie)
Anthidium,Große Wollbiene
Anthidium,Megachilidae
Anthidium,Nomenklatur (Biologie)
Anthidium,Ordnung (Biologie)
Anthidium,Stechimmen
Anthidium,Systematik (Biologie)
Anthidium,Tribus (Biologie)
Crabronidae,Apoidea
Crabronidae,Digital Object Identifier
Crabronidae,Familie (Biologie)
Crabronidae,Grabwespen
Crabronidae,Hautflügler
Crabronidae,Internationale Standardnummer für fortlaufende Sammelwerke
Crabronidae,Internet Archive
Crabronidae,Nomenklatur (Biologie)
Crabronidae,Ordnung (Biologie)
Crabronidae,Stechimmen
Crabronidae,Systematik (Biologie)
Crabronidae,Taillenwespen
Crabronidae,Web-Archivierung
Rüssel,Digital Object Identifier
Rüssel,Evolution
Rüssel,Familie (Biologie)
Rüssel,Gemeinsame Normdatei
Rüssel,Nektar (Botanik)
Rüssel,Wirbellose
Sommergrüner Laubwald,Ostasien
Sommergrüner Laubwald,Patagonien
Sommergrüner Laubwald,Steppe
Bienenkönigin,Drohn
Bienenkönigin,Giftstachel
Bienenkönigin,Honig
Bienenkönigin,Honigbienen
Bienenkönigin,Imker
Bienenkönigin,Internet Archive
Bienenkönigin,Web-Archivierung
Bienenkönigin,Westliche Honigbiene
Stachellose Bienen,Apoidea
Stachellose Bienen,Art (Biologie)
Stachellose Bienen,Brut
Stachellose Bienen,Digital Object Identifier
Stachellose Bienen,Familie (Biologie)
Stachellose Bienen,Honigbienen
Stachellose Bienen,Hummeln
Stachellose Bienen,Imker
Stachellose Bienen,Körbchensammler
Stachellose Bienen,Melipona
Stachellose Bienen,Nektar (Botanik)
Stachellose Bienen,Nomenklatur (Biologie)
Stachellose Bienen,Ordnung (Biologie)
Stachellose Bienen,Pollen
Stachellose Bienen,Prachtbienen
Stachellose Bienen,Solitär (Zoologie)
Stachellose Bienen,Stechimmen
Stachellose Bienen,Subtropen
Stachellose Bienen,Systematik (Biologie)
Stachellose Bienen,Taillenwespen
Stachellose Bienen,Tribus (Biologie)
Stachellose Bienen,Trigona (Gattung)
Stachellose Bienen,Tropen
Internet Archive,Gemeinsame Normdatei
Internet Archive,Internationale Standardnummer für fortlaufende Sammelwerke
Internet Archive,Library of Congress Control Number
Internet Archive,Web-Archivierung
Maskenbienen,Apoidea
Maskenbienen,Colletidae
Maskenbienen,Crabronidae
Maskenbienen,Familie (Biologie)
Maskenbienen,Grabwespen
Maskenbienen,Nomenklatur (Biologie)
Maskenbienen,Ordnung (Biologie)
Maskenbienen,Seidenbienen
Maskenbienen,Stechimmen
Maskenbienen,Systematik (Biologie)
Maskenbienen,Taillenwespen
Ackerwinde,Art (Biologie)
Ackerwinde,Familie (Biologie)
Ackerwinde,Gemeinsame Normdatei
Ackerwinde,Insekten
Ackerwinde,Nektar (Botanik)
Ackerwinde,Nomenklatur (Biologie)
Ackerwinde,Ordnung (Biologie)
Ackerwinde,Pollen
Ackerwinde,Spiralhornbienen
Ackerwinde,Systematik (Biologie)
Brut,Art (Biologie)
Brut,Brutpflege
Brut,Gemeinsame Normdatei
Brut,Insekten
Brut,Nest
Brut,Protein
Gemeine Fichte,Art (Biologie)
Gemeine Fichte,Baum
Gemeine Fichte,Deutschland
Gemeine Fichte,Digital Object Identifier
Gemeine Fichte,Familie (Biologie)
Gemeine Fichte,Gemeinsame Normdatei
Gemeine Fichte,Honig
Gemeine Fichte,Internet Archive
Gemeine Fichte,Klasse (Biologie)
Gemeine Fichte,Kühlgemäßigte Klimazone
Gemeine Fichte,Library of Congress Control Number
Gemeine Fichte,Nomenklatur (Biologie)
Gemeine Fichte,Ordnung (Biologie)
Gemeine Fichte,Pollen
Gemeine Fichte,Systematik (Biologie)
Gemeine Fichte,Web-Archivierung
Gemeine Fichte,Westliche Honigbiene
Kurzhornbienen,Ammobates
Kurzhornbienen,Apidae
Kurzhornbienen,Apoidea
Kurzhornbienen,Familie (Biologie)
Kurzhornbienen,Halictidae
Kurzhornbienen,Kuckucksbienen
Kurzhornbienen,Nomenklatur (Biologie)
Kurzhornbienen,Nomia (Gattung)
Kurzhornbienen,Ordnung (Biologie)
Kurzhornbienen,Stechimmen
Kurzhornbienen,Systematik (Biologie)
Kurzhornbienen,Taillenwespen
Ökologie,Gemeinsame Normdatei
Ökologie,Library of Congress Control Number
Kaltgemäßigte Klimazone,Art (Biologie)
Kaltgemäßigte Klimazone,Artenvielfalt
Kaltgemäßigte Klimazone,Baum
Kaltgemäßigte Klimazone,Hochgebirge
Kaltgemäßigte Klimazone,Internationale Standardnummer für fortlaufende Sammelwerke
Kaltgemäßigte Klimazone,Internet Archive
Kaltgemäßigte Klimazone,Kontinentalklima
Kaltgemäßigte Klimazone,Kühlgemäßigte Klimazone
Kaltgemäßigte Klimazone,Patagonien
Kaltgemäßigte Klimazone,Seeklima
Kaltgemäßigte Klimazone,Sommergrüner Laubwald
Kaltgemäßigte Klimazone,Subtropen
Kaltgemäßigte Klimazone,Tropen
Kaltgemäßigte Klimazone,Web-Archivierung
Kaltgemäßigte Klimazone,Wirbellose
Schlupfwespen,Antarktika
Schlupfwespen,Digital Object Identifier
Schlupfwespen,Familie (Biologie)
Schlupfwespen,Gemeinsame Normdatei
Schlupfwespen,Hautflügler
Schlupfwespen,Insekten
Schlupfwespen,Internet Archive
Schlupfwespen,Klasse (Biologie)
Schlupfwespen,Legimmen
Schlupfwespen,Nomenklatur (Biologie)
Schlupfwespen,Ordnung (Biologie)
Schlupfwespen,Pflanzenwespen
Schlupfwespen,Systematik (Biologie)
Schlupfwespen,Taillenwespen
Schlupfwespen,Web-Archivierung
Schlupfwespen,Benutzer:InternetArchiveBot/Anleitung/Archivlink
Legimmen,Art (Biologie)
Legimmen,Digital Object Identifier
Legimmen,Faltenwespen
Legimmen,Hautflügler
Legimmen,Ordnung (Biologie)
Legimmen,Pflanzenwespen
Legimmen,Schlupfwespen
Legimmen,Staat (Biologie)
Legimmen,Stechimmen
Legimmen,Systematik (Biologie)
Legimmen,Taillenwespen
Legimmen,Wehrstachel
Biene (Begriffsklärung),Bienen (Begriffsklärung)
Biene (Begriffsklärung),Honigbienen
Kontinentalklima,Antarktika
Kontinentalklima,Gemeinsame Normdatei
Kontinentalklima,Seeklima
Kontinentalklima,Tropen
Kontinentalklima,Zentralasien
Randolf Menzel,Gemeinsame Normdatei
Randolf Menzel,Honigbienen
Randolf Menzel,Library of Congress Control Number
Randolf Menzel,Matthias Eckoldt
Randolf Menzel,Nektar (Botanik)
Randolf Menzel,Pollen
Gerhard Roth (Autor),Gemeinsame Normdatei
Gerhard Roth (Autor),Library of Congress Control Number
Gerhard Roth (Autor),Web-Archivierung
Gerhard Roth (Autor),Österreichische Mediathek
May Berenbaum,Gemeinsame Normdatei
May Berenbaum,Library of Congress Control Number
May Berenbaum,New Jersey
Stenotritidae,Apoidea
Stenotritidae,Colletidae
Stenotritidae,Familie (Biologie)
Stenotritidae,Halictidae
Stenotritidae,Hautflügler
Stenotritidae,Nomenklatur (Biologie)
Stenotritidae,Ordnung (Biologie)
Stenotritidae,Stechimmen
Stenotritidae,Systematik (Biologie)
Stenotritidae,Taillenwespen
Familie (Biologie),Art (Biologie)
Familie (Biologie),Familie (Biologie)
Familie (Biologie),Gemeinsame Normdatei
Familie (Biologie),Klasse (Biologie)
Familie (Biologie),Ordnung (Biologie)
Familie (Biologie),Systematik (Biologie)
Familie (Biologie),Tribus (Biologie)
Web-Archivierung,Digital Object Identifier
Web-Archivierung,Internationale Standardnummer für fortlaufende Sammelwerke
Web-Archivierung,Internet Archive
Insekten,Art (Biologie)
Insekten,Digital Object Identifier
Insekten,Gemeinsame Normdatei
Insekten,Hautflügler
Insekten,Hochgebirge
Insekten,Honigbienen
Insekten,Insektensterben
Insekten,Klasse (Biologie)
Insekten,Library of Congress Control Number
Insekten,Nektar (Botanik)
Insekten,New York City
Insekten,Nomenklatur (Biologie)
Insekten,Pollen
Insekten,Protein
Insekten,Schlupfwespen
Insekten,Systematik (Biologie)
Insekten,Tropen
Insekten,Westliche Honigbiene
Internationale Standardnummer für fortlaufende Sammelwerke,Digital Object Identifier
Internationale Standardnummer für fortlaufende Sammelwerke,Gemeinsame Normdatei
Internationale Standardnummer für fortlaufende Sammelwerke,Library of Congress Control Number
Zentralasien,Gemeinsame Normdatei
Zentralasien,Internet Archive
Zentralasien,Kontinentalklima
Zentralasien,Ostasien
Zentralasien,Sommergrüner Laubwald
Zentralasien,Steppe
Zentralasien,Web-Archivierung
Zentralasien,Benutzer:InternetArchiveBot/Anleitung/Archivlink
Megachile pluto,Apoidea
Megachile pluto,Art (Biologie)
Megachile pluto,Charles Duncan Michener
Megachile pluto,Familie (Biologie)
Megachile pluto,Hautflügler
Megachile pluto,Nomenklatur (Biologie)
Megachile pluto,Ordnung (Biologie)
Megachile pluto,Pollen
Megachile pluto,Stechimmen
Megachile pluto,Systematik (Biologie)
Dave Goulson,Gemeinsame Normdatei
Dave Goulson,Hummeln
Dave Goulson,Internet Archive
Dave Goulson,Library of Congress Control Number
Dave Goulson,Web-Archivierung
Dave Goulson,Benutzer:InternetArchiveBot/Anleitung/Archivlink
Melittidae,Andrenidae
Melittidae,Apidae
Melittidae,Apoidea
Melittidae,Art (Biologie)
Melittidae,Charles Duncan Michener
Melittidae,Colletidae
Melittidae,Familie (Biologie)
Melittidae,Halictidae
Melittidae,Hannes F. Paulus
Melittidae,Hautflügler
Melittidae,Macropis
Melittidae,Megachilidae
Melittidae,Nomenklatur (Biologie)
Melittidae,Ordnung (Biologie)
Melittidae,Stechimmen
Melittidae,Stenotritidae
Melittidae,Systematik (Biologie)
Melittidae,Sägehornbienen
Melittidae,Taillenwespen
Dioxys,Apoidea
Dioxys,Charles Duncan Michener
Dioxys,Familie (Biologie)
Dioxys,Hoplitis
Dioxys,Kegelbienen
Dioxys,Kuckucksbienen
Dioxys,Megachilidae
Dioxys,Nomenklatur (Biologie)
Dioxys,Ordnung (Biologie)
Dioxys,Osmia
Dioxys,Stechimmen
Dioxys,Systematik (Biologie)
Aktionsprogramm Insektenschutz,Digital Object Identifier
Aktionsprogramm Insektenschutz,Insektensterben
Aktionsprogramm Insektenschutz,Internationale Standardnummer für fortlaufende Sammelwerke
Aktionsprogramm Insektenschutz,Internet Archive
Aktionsprogramm Insektenschutz,Web-Archivierung
Aktionsprogramm Insektenschutz,Benutzer:InternetArchiveBot/Anleitung/Archivlink
Prachtbienen,Aglae
Prachtbienen,Apinae
Prachtbienen,Apoidea
Prachtbienen,Art (Biologie)
Prachtbienen,Digital Object Identifier
Prachtbienen,Eufriesea
Prachtbienen,Euglossa
Prachtbienen,Eulaema
Prachtbienen,Exaerete
Prachtbienen,Familie (Biologie)
Prachtbienen,Holzbienen
Prachtbienen,Honigbienen
Prachtbienen,Hummeln
Prachtbienen,Internationale Standardnummer für fortlaufende Sammelwerke
Prachtbienen,Körbchensammler
Prachtbienen,Nektar (Botanik)
Prachtbienen,Nomenklatur (Biologie)
Prachtbienen,Ordnung (Biologie)
Prachtbienen,Pollen
Prachtbienen,Stachellose Bienen
Prachtbienen,Stechimmen
Prachtbienen,Systematik (Biologie)
Prachtbienen,Tribus (Biologie)
Gondwana,Antarktika
Gondwana,Digital Object Identifier
Gondwana,Erdgeschichte
Gondwana,Gemeinsame Normdatei
Gondwana,Kontinentalklima
Gondwana,Library of Congress Control Number
